#VRML V2.0 utf8
# 3D model generated by easyeda2kicad.py (https://github.com/uPesy/easyeda2kicad.py)

Shape{
    appearance Appearance {
        material  Material 	{
            diffuseColor 0.6470588235294118 0.5176470588235295 0.0
            specularColor 0.45098039215686275 0.3607843137254902 0.0
            ambientIntensity 0.4973
            transparency 0.0
            shininess 0.5
        }
    }
    geometry IndexedFaceSet {
        ccw TRUE
        solid FALSE
        coord DEF co Coordinate {
            point [
                1.1055 0.5372 0.379, 1.1055 0.5372 0.4325, 1.1969 0.5372 0.4517, 1.1055 0.5372 0.5766, 0.9087 0.5372 0.5766, 1.0737 0.5372 0.615, 1.1055 0.5372 0.879, 0.9087 0.5372 0.879, 0.9075 0.5372 0.9843, 0.9087 0.5372 0.8526, 0.9279 0.5372 0.6611, 1.0756 0.5372 0.6185, 0.931 0.5372 0.6372, 0.9405 0.5372 0.615, 0.9141 0.5372 0.615, 0.9079 0.5372 0.6377, 1.0953 0.5372 0.615, 1.1039 0.5372 0.636, 1.1078 0.5372 0.6638, 0.9087 0.5372 0.4757, 0.9075 0.5372 0.4517, 0.9303 0.5372 0.4757, 0.9303 0.5372 0.5502, 0.9951 0.5372 0.5502, 0.9951 0.5372 0.4805, 1.0167 0.5372 0.4805, 1.0167 0.5372 0.5502, 1.0839 0.5372 0.5502, 1.0839 0.5372 0.4709, 1.1055 0.5372 0.4709, 1.1969 0.5372 0.9843, 1.1079 0.5372 0.6691, 0.9605 0.5372 0.751, 0.9421 0.5372 0.7395, 0.9255 0.5372 0.7224, 0.9147 0.5372 0.704, 0.93 0.5372 0.6805, 0.9353 0.5372 0.6951, 0.9447 0.5372 0.7091, 0.9579 0.5372 0.7209, 0.9731 0.5372 0.7289, 0.9944 0.5372 0.7341, 1.0092 0.5372 0.735, 1.0305 0.5372 0.733, 1.0474 0.5372 0.7277, 1.0863 0.5372 0.6655, 1.0707 0.5372 0.7103, 1.0843 0.5372 0.6838, 1.0789 0.5372 0.6983, 1.0611 0.5372 0.7195, 1.0834 0.5372 0.6394, 1.0988 0.5372 0.7126, 1.0885 0.5372 0.7286, 1.1055 0.5372 0.7782, 1.0728 0.5372 0.7434, 1.0839 0.5372 0.7782, 1.054 0.5372 0.7538, 1.0839 0.5372 0.8526, 1.1054 0.5372 0.6934, 1.0331 0.5372 0.7596, 1.0108 0.5372 0.7614, 0.9828 0.5372 0.7586, 0.9075 0.5372 0.675, 0.9063 0.5372 0.6613, 0.8031 0.5372 0.4517, 0.9075 0.5372 0.6439, 0.9081 0.5372 0.6824, 0.8031 0.5372 0.9843, 1.1055 0.5372 0.2309, 1.1055 0.5372 0.2597, 0.9087 0.5372 0.1589, 1.1055 0.5372 0.082, 1.1969 0.5372 -1.2205, 1.1055 0.5372 0.1109, 1.0503 0.5372 0.1308, 1.0503 0.5372 0.2121, 1.0309 0.5372 0.2769, 1.0516 0.5372 0.2839, 1.0692 0.5372 0.2952, 0.9552 0.5372 0.2864, 0.9744 0.5372 0.2782, 0.9087 0.5372 0.1853, 0.995 0.5372 0.2745, 1.0046 0.5372 0.2741, 0.9075 0.5372 -1.2205, 0.9198 0.5372 0.3255, 0.9325 0.5372 0.306, 0.9396 0.5372 0.2983, 1.0847 0.5372 0.3114, 1.0966 0.5372 0.332, 1.1034 0.5372 0.3547, 0.9087 0.5372 0.4325, 0.9087 0.5372 0.377, 0.9117 0.5372 0.3485, 0.8031 0.5372 -1.2205
            ]
        }
        coordIndex [
            0,1,2,-1,3,4,5,-1,6,7,8,-1,8,7,9,-1,10,11,12,-1,12,11,5,-1,12,5,13,-1,13,5,4,-1,13,4,14,-1,14,4,15,-1,5,16,3,-1,3,16,17,-1,3,17,18,-1,4,19,20,-1,20,19,21,-1,22,23,21,-1,21,23,24,-1,21,24,20,-1,20,24,25,-1,25,26,27,-1,28,29,2,-1,2,29,3,-1,2,3,30,-1,30,3,18,-1,30,18,31,-1,32,33,9,-1,9,33,34,-1,9,34,35,-1,10,36,11,-1,11,36,37,-1,11,37,38,-1,38,39,11,-1,11,39,40,-1,11,40,41,-1,41,42,11,-1,11,42,43,-1,11,43,44,-1,45,46,47,-1,47,46,48,-1,44,49,11,-1,11,49,46,-1,11,46,50,-1,50,46,45,-1,51,52,53,-1,53,52,54,-1,53,54,55,-1,55,54,56,-1,55,56,57,-1,8,30,6,-1,6,30,31,-1,6,31,53,-1,53,31,58,-1,53,58,51,-1,56,59,57,-1,57,59,60,-1,57,60,9,-1,9,60,61,-1,9,61,32,-1,62,63,64,-1,64,63,65,-1,35,66,9,-1,9,66,62,-1,9,62,8,-1,8,62,64,-1,8,64,67,-1,68,69,2,-1,27,28,25,-1,25,28,2,-1,25,2,20,-1,20,2,1,-1,70,71,72,-1,72,71,73,-1,74,75,73,-1,73,75,68,-1,73,68,72,-1,72,68,2,-1,76,77,69,-1,69,77,78,-1,79,80,81,-1,81,80,82,-1,81,82,69,-1,69,82,83,-1,69,83,76,-1,72,84,70,-1,70,84,20,-1,70,20,81,-1,85,86,81,-1,81,86,87,-1,81,87,79,-1,78,88,69,-1,69,88,89,-1,69,89,2,-1,2,89,90,-1,2,90,0,-1,1,91,20,-1,20,91,92,-1,20,92,81,-1,81,92,93,-1,81,93,85,-1,15,4,65,-1,65,4,20,-1,65,20,64,-1,64,20,84,-1,64,84,94,-1,
        ]
    }
}
Shape{
    appearance Appearance {
        material  Material 	{
            diffuseColor 0.28627450980392155 0.6627450980392157 0.32941176470588235
            specularColor 0.08627450980392157 0.2 0.09803921568627451
            ambientIntensity 0.5122
            transparency 0.0
            shininess 0.5
        }
    }
    geometry IndexedFaceSet {
        ccw TRUE
        solid FALSE
        coord DEF co Coordinate {
            point [
                0.6564 -1.073 4.8032, -0.6564 -1.073 4.8032, 0.6564 -1.2699 4.8032, -0.6564 -1.2699 4.8032, -1.8031 1.4073 4.8032, -1.5419 1.4879 4.8032, -2.374 1.801 4.8032, 2.374 1.801 4.8032, 1.2729 1.5368 4.8032, 1.5419 1.4879 4.8032, -1.3436 -1.2699 4.8032, -1.3436 -1.073 4.8032, -2.374 -1.2699 4.8032, -2.0984 -1.073 4.8032, -2.0984 1.4073 4.8032, -0.4581 1.4879 4.8032, -0.1969 1.4073 4.8032, 0.1969 1.4073 4.8032, 1.3436 -1.073 4.8032, 1.3436 -1.2699 4.8032, 2.0984 -1.073 4.8032, 2.374 -1.2699 4.8032, 2.0984 1.4073 4.8032, 1.8031 1.4073 4.8032, -1.2729 1.5368 4.8032, -1.0 1.5532 4.8032, -0.7271 1.5368 4.8032, 0.4581 1.4879 4.8032, 0.7271 1.5368 4.8032, 1.0 1.5532 4.8032, -2.374 -1.4621 3.8506, -2.374 -1.4667 3.5827, 2.374 -1.4667 3.5827, 1.3282 -1.3569 4.6776, 1.3197 -1.3765 4.6087, 2.374 -1.3755 4.6085, -1.3432 -1.2841 4.8, -1.3435 -1.276 4.8026, -2.374 -1.2759 4.8024, -2.374 -1.2782 4.8021, -2.374 -1.2841 4.7999, -1.3425 -1.2937 4.7942, -2.374 -1.2868 4.7988, -2.374 -1.2936 4.794, -2.374 -1.2984 4.7906, -1.3411 -1.3057 4.7828, -2.374 -1.33 4.744, -1.3364 -1.3303 4.7442, -2.374 -1.3128 4.7742, -2.374 -1.3055 4.7826, -2.374 -1.3339 4.737, -2.374 -1.3562 4.6794, -1.3282 -1.3569 4.6773, -2.374 -1.3758 4.6085, -1.3197 -1.3765 4.6087, 2.374 -1.3849 4.5733, 1.3076 -1.3979 4.5096, 2.374 -1.4105 4.4371, 2.374 -1.4184 4.3765, 1.2953 -1.4147 4.4095, 0.7047 -1.4147 4.4095, 2.374 -1.4342 4.255, -2.374 -1.4184 4.3765, -0.7047 -1.4147 4.4095, 0.6924 -1.3979 4.5097, -0.6924 -1.3979 4.5096, -1.2953 -1.4147 4.4095, -1.3076 -1.3979 4.5097, -2.374 -1.4065 4.4617, -2.374 -1.3821 4.5854, -0.6803 -1.3765 4.6087, 0.6803 -1.3765 4.6087, -0.6718 -1.3569 4.6776, 0.6718 -1.3569 4.6773, -0.6636 -1.3303 4.7442, 0.6636 -1.3303 4.7442, 0.6589 -1.3057 4.7828, -0.6589 -1.3057 4.7828, 0.6575 -1.2937 4.7942, -0.6575 -1.2937 4.7942, 0.6568 -1.2841 4.8, -0.6568 -1.2841 4.8, 0.6565 -1.276 4.8026, -0.6565 -1.276 4.8026, 2.374 -1.3587 4.6718, 2.374 -1.3352 4.7343, 1.3364 -1.3303 4.7442, 2.374 -1.3298 4.7439, 2.374 -1.3127 4.7744, 1.3411 -1.3057 4.7828, 2.374 -1.3054 4.7825, 2.374 -1.2973 4.7915, 1.3425 -1.2937 4.7942, 2.374 -1.2937 4.7941, 2.374 -1.2868 4.7988, 1.3432 -1.2841 4.8, 2.374 -1.2841 4.7999, 2.374 -1.2785 4.802, 1.3435 -1.276 4.8026, 2.374 -1.2759 4.8024, -2.374 -1.4294 4.2982, -2.374 -1.4482 4.1008, 2.374 -1.4528 4.0351, -2.374 -1.4518 4.0351, 2.374 -1.453 4.0328, 2.374 -1.4636 3.802, -2.0984 -1.073 1.2598, -1.2953 -1.073 4.4095, -0.7047 -1.073 4.4095, 0.7047 -1.073 4.4095, 1.2953 -1.073 4.4095, 2.0984 -1.073 1.2598, 1.8031 1.4073 1.2598, 2.0984 1.4073 1.2598, 0.1969 1.4073 1.2598, -0.1969 1.4073 1.2598, 2.374 1.801 0.0, 1.5906 1.801 0.0, 1.5906 1.801 1.1811, 0.4094 1.801 1.1811, -1.5906 1.801 0.0, -2.374 1.801 0.0, -1.5906 1.801 1.1811, -0.4094 1.801 1.1811, -0.4094 1.801 0.0, 0.4094 1.801 0.0, 1.374 -0.1282 0.1181, 1.374 1.6435 0.1181, 1.5906 1.6435 0.1181, 0.4094 -0.9549 0.1181, 0.4094 1.6435 0.1181, 0.626 -0.1282 0.1181, 0.626 1.6435 0.1181, 0.9116 -0.5806 0.1181, 0.9014 -0.6052 0.1181, 0.8979 -0.6316 0.1181, 0.9014 -0.6581 0.1181, 1.5906 -0.9549 0.1181, 1.1021 -0.6316 0.1181, 1.0986 -0.6052 0.1181, 0.9736 -0.533 0.1181, 1.0 -0.5295 0.1181, 1.0264 -0.533 0.1181, 0.9489 -0.5432 0.1181, 0.9278 -0.5594 0.1181, 1.0884 -0.5806 0.1181, 1.0722 -0.5594 0.1181, 1.0511 -0.5432 0.1181, 0.9116 -0.6827 0.1181, 0.9278 -0.7039 0.1181, 0.9489 -0.7201 0.1181, 0.9736 -0.7303 0.1181, 1.0 -0.7338 0.1181, 1.0264 -0.7303 0.1181, 1.0511 -0.7201 0.1181, 1.0722 -0.7039 0.1181, 1.0884 -0.6827 0.1181, 1.0986 -0.6581 0.1181, 1.2165 0.0293 0.2756, 1.2165 0.0293 0.9843, 1.2165 1.6435 0.2756, 1.2165 1.6435 0.9843, 0.7835 0.0293 0.9843, 0.7835 0.0293 0.2756, 0.7835 1.6435 0.9843, 0.7835 1.6435 0.2756, 0.8031 0.1435 0.9843, 1.1969 0.1435 0.9843, 1.1969 0.5372 0.9843, 0.9075 0.5372 0.9843, 0.8031 0.5372 0.9843
            ]
        }
        coordIndex [
            0,1,2,-1,2,1,3,-1,4,5,6,-1,7,8,9,-1,10,11,12,-1,12,11,13,-1,12,13,6,-1,6,13,14,-1,6,14,4,-1,15,16,17,-1,18,19,20,-1,20,19,21,-1,20,21,22,-1,22,21,7,-1,22,7,23,-1,23,7,9,-1,5,24,6,-1,6,24,25,-1,6,25,7,-1,7,25,26,-1,7,26,15,-1,17,27,15,-1,15,27,28,-1,15,28,7,-1,7,28,29,-1,7,29,8,-1,30,31,32,-1,33,34,35,-1,36,37,38,-1,38,37,10,-1,38,10,12,-1,38,39,36,-1,36,39,40,-1,36,40,41,-1,41,40,42,-1,42,43,41,-1,41,43,44,-1,41,44,45,-1,46,47,48,-1,48,47,45,-1,48,45,49,-1,49,45,44,-1,46,50,47,-1,47,50,51,-1,47,51,52,-1,52,51,53,-1,52,53,54,-1,35,34,55,-1,55,34,56,-1,55,56,57,-1,57,56,58,-1,58,56,59,-1,58,59,60,-1,61,58,62,-1,62,58,60,-1,62,60,63,-1,63,60,64,-1,63,64,65,-1,63,66,62,-1,62,66,67,-1,62,67,68,-1,68,67,54,-1,68,54,69,-1,69,54,53,-1,65,64,70,-1,70,64,71,-1,70,71,72,-1,72,71,73,-1,72,73,74,-1,73,75,74,-1,74,75,76,-1,74,76,77,-1,77,76,78,-1,77,78,79,-1,79,78,80,-1,79,80,81,-1,81,80,82,-1,81,82,83,-1,83,82,2,-1,83,2,3,-1,35,84,33,-1,33,84,85,-1,33,85,86,-1,85,87,86,-1,86,87,88,-1,86,88,89,-1,88,90,89,-1,89,90,91,-1,89,91,92,-1,91,93,92,-1,92,93,94,-1,92,94,95,-1,94,96,95,-1,95,96,97,-1,95,97,98,-1,97,99,98,-1,98,99,21,-1,98,21,19,-1,62,100,61,-1,61,100,101,-1,61,101,102,-1,102,101,103,-1,102,103,104,-1,104,103,30,-1,104,30,105,-1,105,30,32,-1,13,11,106,-1,106,11,107,-1,1,0,108,-1,108,0,109,-1,18,20,110,-1,110,20,111,-1,110,111,109,-1,109,111,106,-1,109,106,108,-1,108,106,107,-1,112,113,23,-1,23,113,22,-1,17,16,114,-1,114,16,115,-1,116,117,118,-1,119,6,118,-1,118,6,7,-1,118,7,116,-1,120,121,122,-1,122,121,6,-1,122,6,123,-1,123,6,119,-1,123,119,124,-1,124,119,125,-1,126,127,128,-1,129,130,131,-1,131,130,132,-1,133,134,131,-1,131,134,129,-1,129,134,135,-1,129,135,136,-1,128,137,126,-1,126,137,138,-1,126,138,139,-1,140,131,141,-1,141,131,142,-1,140,143,131,-1,131,143,144,-1,131,144,133,-1,139,145,126,-1,126,145,146,-1,126,146,131,-1,131,146,147,-1,131,147,142,-1,136,148,129,-1,129,148,149,-1,129,149,150,-1,150,151,129,-1,129,151,152,-1,129,152,137,-1,152,153,137,-1,137,153,154,-1,137,154,155,-1,155,156,137,-1,137,156,157,-1,137,157,138,-1,158,159,160,-1,160,159,161,-1,162,163,164,-1,164,163,165,-1,166,167,159,-1,159,167,168,-1,159,168,161,-1,161,168,169,-1,161,169,164,-1,164,169,170,-1,164,170,162,-1,162,170,166,-1,162,166,159,-1,127,126,160,-1,160,126,158,-1,
        ]
    }
}
Shape{
    appearance Appearance {
        material  Material 	{
            diffuseColor 1.0 1.0 1.0
            specularColor 0.8784313725490196 0.8784313725490196 0.8784313725490196
            ambientIntensity 1.0
            transparency 0.0
            shininess 0.5
        }
    }
    geometry IndexedFaceSet {
        ccw TRUE
        solid FALSE
        coord DEF co Coordinate {
            point [
                0.7835 1.6435 0.2756, 0.7835 0.0293 0.2756, 0.626 1.6435 0.1181, 0.626 -0.1282 0.1181
            ]
        }
        coordIndex [
            0,1,2,-1,2,1,3,-1,
        ]
    }
}
Shape{
    appearance Appearance {
        material  Material 	{
            diffuseColor 0.28627450980392155 0.6627450980392157 0.32941176470588235
            specularColor 0.08627450980392157 0.2 0.09803921568627451
            ambientIntensity 0.5122
            transparency 0.0
            shininess 0.5
        }
    }
    geometry IndexedFaceSet {
        ccw TRUE
        solid FALSE
        coord DEF co Coordinate {
            point [
                1.5906 1.801 0.0, 2.374 1.801 0.0, 1.5906 -0.9549 0.0, 2.374 -1.2699 0.0, 0.4094 -0.9549 0.0, -2.374 1.801 0.0, -1.5906 1.801 0.0, -2.374 -1.2699 0.0, -1.5906 -0.9549 0.0, -0.4094 -0.9549 0.0, -0.4094 1.801 0.0, 0.4094 1.801 0.0
            ]
        }
        coordIndex [
            0,1,2,-1,2,1,3,-1,2,3,4,-1,5,6,7,-1,7,6,8,-1,7,8,9,-1,10,11,9,-1,9,11,4,-1,9,4,7,-1,7,4,3,-1,
        ]
    }
}
Shape{
    appearance Appearance {
        material  Material 	{
            diffuseColor 0.6470588235294118 0.5176470588235295 0.0
            specularColor 0.45098039215686275 0.3607843137254902 0.0
            ambientIntensity 0.4973
            transparency 0.0
            shininess 0.5
        }
    }
    geometry IndexedFaceSet {
        ccw TRUE
        solid FALSE
        coord DEF co Coordinate {
            point [
                -0.8945 0.5372 0.379, -0.8945 0.5372 0.4325, -0.8031 0.5372 0.4517, -0.8945 0.5372 0.5766, -1.0913 0.5372 0.5766, -0.9263 0.5372 0.615, -0.8945 0.5372 0.879, -1.0913 0.5372 0.879, -1.0925 0.5372 0.9843, -1.0913 0.5372 0.8526, -1.0721 0.5372 0.6611, -0.9244 0.5372 0.6185, -1.069 0.5372 0.6372, -1.0595 0.5372 0.615, -1.0859 0.5372 0.615, -1.0921 0.5372 0.6377, -0.9047 0.5372 0.615, -0.8961 0.5372 0.636, -0.8922 0.5372 0.6638, -1.0913 0.5372 0.4757, -1.0925 0.5372 0.4517, -1.0697 0.5372 0.4757, -1.0697 0.5372 0.5502, -1.0049 0.5372 0.5502, -1.0049 0.5372 0.4805, -0.9833 0.5372 0.4805, -0.9833 0.5372 0.5502, -0.9161 0.5372 0.5502, -0.9161 0.5372 0.4709, -0.8945 0.5372 0.4709, -0.8031 0.5372 0.9843, -0.8921 0.5372 0.6691, -1.0395 0.5372 0.751, -1.0579 0.5372 0.7395, -1.0745 0.5372 0.7224, -1.0853 0.5372 0.704, -1.07 0.5372 0.6805, -1.0647 0.5372 0.6951, -1.0553 0.5372 0.7091, -1.0421 0.5372 0.7209, -1.0269 0.5372 0.7289, -1.0056 0.5372 0.7341, -0.9908 0.5372 0.735, -0.9695 0.5372 0.733, -0.9526 0.5372 0.7277, -0.9137 0.5372 0.6655, -0.9293 0.5372 0.7103, -0.9157 0.5372 0.6838, -0.9211 0.5372 0.6983, -0.9389 0.5372 0.7195, -0.9166 0.5372 0.6394, -0.9012 0.5372 0.7126, -0.9115 0.5372 0.7286, -0.8945 0.5372 0.7782, -0.9272 0.5372 0.7434, -0.9161 0.5372 0.7782, -0.946 0.5372 0.7538, -0.9161 0.5372 0.8526, -0.8946 0.5372 0.6934, -0.9669 0.5372 0.7596, -0.9892 0.5372 0.7614, -1.0172 0.5372 0.7586, -1.0925 0.5372 0.675, -1.0937 0.5372 0.6613, -1.1969 0.5372 0.4517, -1.0925 0.5372 0.6439, -1.0919 0.5372 0.6824, -1.1969 0.5372 0.9843, -0.8945 0.5372 0.2309, -0.8945 0.5372 0.2597, -1.0913 0.5372 0.1589, -0.8945 0.5372 0.082, -0.8031 0.5372 -1.2205, -0.8945 0.5372 0.1109, -0.9497 0.5372 0.1308, -0.9497 0.5372 0.2121, -0.9691 0.5372 0.2769, -0.9484 0.5372 0.2839, -0.9308 0.5372 0.2952, -1.0448 0.5372 0.2864, -1.0256 0.5372 0.2782, -1.0913 0.5372 0.1853, -1.005 0.5372 0.2745, -0.9954 0.5372 0.2741, -1.0925 0.5372 -1.2205, -1.0802 0.5372 0.3255, -1.0675 0.5372 0.306, -1.0604 0.5372 0.2983, -0.9153 0.5372 0.3114, -0.9034 0.5372 0.332, -0.8966 0.5372 0.3547, -1.0913 0.5372 0.4325, -1.0913 0.5372 0.377, -1.0883 0.5372 0.3485, -1.1969 0.5372 -1.2205
            ]
        }
        coordIndex [
            0,1,2,-1,3,4,5,-1,6,7,8,-1,8,7,9,-1,10,11,12,-1,12,11,5,-1,12,5,13,-1,13,5,4,-1,13,4,14,-1,14,4,15,-1,5,16,3,-1,3,16,17,-1,3,17,18,-1,4,19,20,-1,20,19,21,-1,22,23,21,-1,21,23,24,-1,21,24,20,-1,20,24,25,-1,25,26,27,-1,28,29,2,-1,2,29,3,-1,2,3,30,-1,30,3,18,-1,30,18,31,-1,32,33,9,-1,9,33,34,-1,9,34,35,-1,10,36,11,-1,11,36,37,-1,11,37,38,-1,38,39,11,-1,11,39,40,-1,11,40,41,-1,41,42,11,-1,11,42,43,-1,11,43,44,-1,45,46,47,-1,47,46,48,-1,44,49,11,-1,11,49,46,-1,11,46,50,-1,50,46,45,-1,51,52,53,-1,53,52,54,-1,53,54,55,-1,55,54,56,-1,55,56,57,-1,8,30,6,-1,6,30,31,-1,6,31,53,-1,53,31,58,-1,53,58,51,-1,56,59,57,-1,57,59,60,-1,57,60,9,-1,9,60,61,-1,9,61,32,-1,62,63,64,-1,64,63,65,-1,35,66,9,-1,9,66,62,-1,9,62,8,-1,8,62,64,-1,8,64,67,-1,68,69,2,-1,27,28,25,-1,25,28,2,-1,25,2,20,-1,20,2,1,-1,70,71,72,-1,72,71,73,-1,74,75,73,-1,73,75,68,-1,73,68,72,-1,72,68,2,-1,76,77,69,-1,69,77,78,-1,79,80,81,-1,81,80,82,-1,81,82,69,-1,69,82,83,-1,69,83,76,-1,72,84,70,-1,70,84,20,-1,70,20,81,-1,85,86,81,-1,81,86,87,-1,81,87,79,-1,78,88,69,-1,69,88,89,-1,69,89,2,-1,2,89,90,-1,2,90,0,-1,1,91,20,-1,20,91,92,-1,20,92,81,-1,81,92,93,-1,81,93,85,-1,15,4,65,-1,65,4,20,-1,65,20,64,-1,64,20,84,-1,64,84,94,-1,
        ]
    }
}
Shape{
    appearance Appearance {
        material  Material 	{
            diffuseColor 0.28627450980392155 0.6627450980392157 0.32941176470588235
            specularColor 0.08627450980392157 0.2 0.09803921568627451
            ambientIntensity 0.5122
            transparency 0.0
            shininess 0.5
        }
    }
    geometry IndexedFaceSet {
        ccw TRUE
        solid FALSE
        coord DEF co Coordinate {
            point [
                -1.8031 1.4073 4.8032, -2.0984 1.4073 4.8032, -1.8031 1.4073 1.2598, -2.0984 1.4073 1.2598, -1.5906 -0.9549 0.1181, -1.5906 1.6435 0.1181, -1.374 -0.1282 0.1181, -1.374 1.6435 0.1181, -0.626 1.6435 0.1181, -0.4094 1.6435 0.1181, -0.626 -0.1282 0.1181, -0.4094 -0.9549 0.1181, -1.0511 -0.5432 0.1181, -1.0722 -0.5594 0.1181, -0.9736 -0.533 0.1181, -1.0 -0.5295 0.1181, -1.0264 -0.533 0.1181, -1.0986 -0.6581 0.1181, -1.0884 -0.6827 0.1181, -1.0722 -0.7039 0.1181, -0.9736 -0.7303 0.1181, -1.0 -0.7338 0.1181, -0.9489 -0.7201 0.1181, -0.9278 -0.7039 0.1181, -0.9116 -0.6827 0.1181, -1.0884 -0.5806 0.1181, -1.0986 -0.6052 0.1181, -1.1021 -0.6316 0.1181, -1.0511 -0.7201 0.1181, -1.0264 -0.7303 0.1181, -0.9014 -0.6581 0.1181, -0.8979 -0.6316 0.1181, -0.9014 -0.6052 0.1181, -0.9116 -0.5806 0.1181, -0.9278 -0.5594 0.1181, -0.9489 -0.5432 0.1181, -0.7835 0.0293 0.2756, -0.7835 0.0293 0.9843, -0.7835 1.6435 0.2756, -0.7835 1.6435 0.9843, -1.2165 0.0293 0.9843, -1.2165 0.0293 0.2756, -1.2165 1.6435 0.9843, -1.2165 1.6435 0.2756, -1.1969 0.1435 0.9843, -0.8031 0.1435 0.9843, -0.8031 0.5372 0.9843, -1.0925 0.5372 0.9843, -1.1969 0.5372 0.9843, -2.374 -1.2699 3.5827, -2.374 -1.2699 0.0, 2.374 -1.2699 3.5827, 2.374 -1.2699 0.0, 2.374 -1.4636 3.802, 2.374 -1.4667 3.5827, 2.374 1.801 0.0, 2.374 1.801 4.8032, 2.374 -1.2699 4.8032, 2.374 -1.2759 4.8024, 2.374 -1.2785 4.802, 2.374 -1.3127 4.7744, 2.374 -1.3298 4.7439, 2.374 -1.453 4.0328, 2.374 -1.2841 4.7999, 2.374 -1.2868 4.7988, 2.374 -1.2937 4.7941, 2.374 -1.2973 4.7915, 2.374 -1.3054 4.7825, 2.374 -1.3352 4.7343, 2.374 -1.3587 4.6718, 2.374 -1.3755 4.6085, 2.374 -1.4184 4.3765, 2.374 -1.4342 4.255, 2.374 -1.4528 4.0351, 2.374 -1.3849 4.5733, 2.374 -1.4105 4.4371, -2.374 -1.2782 4.8021, -2.374 -1.2759 4.8024, -2.374 1.801 0.0, -2.374 1.801 4.8032, -2.374 -1.2699 4.8032, -2.374 -1.3128 4.7742, -2.374 -1.3055 4.7826, -2.374 -1.2984 4.7906, -2.374 -1.2936 4.794, -2.374 -1.2868 4.7988, -2.374 -1.2841 4.7999, -2.374 -1.4667 3.5827, -2.374 -1.4621 3.8506, -2.374 -1.4518 4.0351, -2.374 -1.4482 4.1008, -2.374 -1.3562 4.6794, -2.374 -1.3339 4.737, -2.374 -1.33 4.744, -2.374 -1.4294 4.2982, -2.374 -1.4184 4.3765, -2.374 -1.4065 4.4617, -2.374 -1.3821 4.5854, -2.374 -1.3758 4.6085, -1.5906 -0.9549 0.0, -1.5906 1.801 0.0, -1.5906 1.6435 1.1811, -1.5906 1.801 1.1811, -0.4094 -0.9549 0.0, -0.4094 1.6435 1.1811, -0.4094 1.801 1.1811, -0.4094 1.801 0.0, -0.9014 -0.6052 0.0394, -0.9116 -0.5806 0.0394, -0.9278 -0.5594 0.0394, -0.9489 -0.5432 0.0394, -0.9736 -0.533 0.0394, -1.0 -0.5295 0.0394, -1.0264 -0.533 0.0394, -1.0511 -0.5432 0.0394, -1.0722 -0.5594 0.0394, -1.0884 -0.5806 0.0394, -1.0986 -0.6052 0.0394, -1.1021 -0.6316 0.0394, -1.0986 -0.6581 0.0394, -1.0884 -0.6827 0.0394, -1.0722 -0.7039 0.0394, -1.0511 -0.7201 0.0394, -1.0264 -0.7303 0.0394, -1.0 -0.7338 0.0394, -0.9736 -0.7303 0.0394, -0.9489 -0.7201 0.0394, -0.9278 -0.7039 0.0394, -0.9116 -0.6827 0.0394, -0.9014 -0.6581 0.0394, -0.8979 -0.6316 0.0394, -1.0 -0.6316 0.0394, -2.0984 -1.073 1.2598, -2.0984 -1.073 4.8032, 2.0984 1.4073 1.2598, 2.0984 -1.073 1.2598, 2.0984 1.4073 4.8032, 2.0984 -1.073 4.8032, 0.4581 1.4879 1.2598, 0.1969 1.4073 1.2598, 0.8031 0.5372 1.2598, 1.8031 1.4073 1.2598, 1.1969 0.5372 1.2598, 1.5419 1.4879 1.2598, -1.1969 0.5372 1.2598, -1.1969 0.1435 1.2598, -0.8031 0.1435 1.2598, 1.1969 0.1435 1.2598, 0.8031 0.1435 1.2598, -0.8031 0.5372 1.2598, -0.1969 1.4073 1.2598, -1.2729 1.5368 1.2598, -1.5419 1.4879 1.2598, 1.2729 1.5368 1.2598, 1.0 1.5532 1.2598, 0.7271 1.5368 1.2598, -0.4581 1.4879 1.2598, -0.7271 1.5368 1.2598, -1.0 1.5532 1.2598, -0.1969 1.4073 4.8032, -0.4581 1.4879 4.8032, -0.7271 1.5368 4.8032, -1.0 1.5532 4.8032, -1.2729 1.5368 4.8032, -1.5419 1.4879 4.8032, -1.2953 -1.073 4.4095, -1.2953 -1.4147 4.4095, -0.7047 -1.073 4.4095, -0.7047 -1.4147 4.4095, -0.6564 -1.2699 4.8032, -0.6564 -1.073 4.8032, -0.6924 -1.3979 4.5096, -0.6803 -1.3765 4.6087, -0.6718 -1.3569 4.6776, -0.6636 -1.3303 4.7442, -0.6589 -1.3057 4.7828, -0.6575 -1.2937 4.7942, -0.6568 -1.2841 4.8, -0.6565 -1.276 4.8026, -1.3282 -1.3569 4.6773, -1.3197 -1.3765 4.6087, -1.3076 -1.3979 4.5097, -1.3436 -1.073 4.8032, -1.3436 -1.2699 4.8032, -1.3435 -1.276 4.8026, -1.3432 -1.2841 4.8, -1.3425 -1.2937 4.7942, -1.3411 -1.3057 4.7828, -1.3364 -1.3303 4.7442
            ]
        }
        coordIndex [
            0,1,2,-1,2,1,3,-1,4,5,6,-1,6,5,7,-1,8,9,10,-1,10,9,11,-1,12,13,6,-1,14,15,6,-1,6,15,16,-1,6,16,12,-1,17,18,4,-1,4,18,19,-1,20,11,21,-1,21,11,4,-1,20,22,11,-1,11,22,23,-1,11,23,24,-1,13,25,6,-1,6,25,26,-1,6,26,4,-1,4,26,27,-1,4,27,17,-1,19,28,4,-1,4,28,29,-1,4,29,21,-1,24,30,11,-1,11,30,31,-1,11,31,10,-1,10,31,32,-1,32,33,10,-1,10,33,34,-1,10,34,6,-1,6,34,35,-1,6,35,14,-1,36,37,38,-1,38,37,39,-1,40,41,42,-1,42,41,43,-1,44,45,37,-1,37,45,46,-1,37,46,39,-1,39,46,47,-1,39,47,42,-1,42,47,48,-1,42,48,40,-1,40,48,44,-1,40,44,37,-1,8,10,38,-1,38,10,36,-1,43,41,7,-1,7,41,6,-1,49,50,51,-1,51,50,52,-1,53,54,51,-1,52,55,51,-1,51,55,56,-1,56,57,51,-1,51,57,58,-1,51,58,59,-1,60,61,51,-1,53,51,62,-1,59,63,51,-1,51,63,64,-1,51,64,65,-1,65,66,51,-1,51,66,67,-1,51,67,60,-1,61,68,51,-1,51,68,69,-1,51,69,70,-1,71,72,51,-1,51,72,73,-1,51,73,62,-1,70,74,51,-1,51,74,75,-1,51,75,71,-1,76,77,49,-1,78,50,79,-1,79,50,49,-1,79,49,80,-1,80,49,77,-1,81,82,49,-1,49,82,83,-1,49,83,84,-1,84,85,49,-1,49,85,86,-1,49,86,76,-1,87,88,49,-1,49,88,89,-1,49,89,90,-1,91,92,49,-1,49,92,93,-1,49,93,81,-1,90,94,49,-1,49,94,95,-1,49,95,96,-1,96,97,49,-1,49,97,98,-1,49,98,91,-1,54,87,51,-1,51,87,49,-1,4,99,5,-1,5,99,100,-1,5,100,101,-1,101,100,102,-1,4,11,99,-1,99,11,103,-1,104,105,9,-1,9,105,106,-1,9,106,11,-1,11,106,103,-1,41,40,36,-1,36,40,37,-1,6,41,10,-1,10,41,36,-1,31,107,32,-1,32,107,108,-1,32,108,33,-1,33,108,109,-1,33,109,34,-1,34,109,110,-1,34,110,35,-1,35,110,111,-1,35,111,14,-1,14,111,112,-1,14,112,15,-1,15,112,113,-1,15,113,16,-1,16,113,114,-1,16,114,12,-1,12,114,115,-1,12,115,13,-1,13,115,116,-1,13,116,25,-1,25,116,117,-1,25,117,26,-1,26,117,118,-1,26,118,27,-1,27,118,119,-1,27,119,17,-1,17,119,120,-1,17,120,18,-1,18,120,121,-1,18,121,19,-1,19,121,122,-1,19,122,28,-1,28,122,123,-1,28,123,29,-1,29,123,124,-1,29,124,21,-1,21,124,125,-1,21,125,20,-1,20,125,126,-1,20,126,22,-1,22,126,127,-1,22,127,23,-1,23,127,128,-1,23,128,24,-1,24,128,129,-1,24,129,30,-1,30,129,130,-1,30,130,31,-1,31,130,107,-1,120,119,131,-1,131,119,118,-1,131,118,117,-1,123,122,131,-1,131,122,121,-1,131,121,120,-1,126,125,131,-1,131,125,124,-1,131,124,123,-1,129,128,131,-1,131,128,127,-1,131,127,126,-1,108,107,131,-1,131,107,130,-1,131,130,129,-1,111,110,131,-1,131,110,109,-1,131,109,108,-1,114,113,131,-1,131,113,112,-1,131,112,111,-1,117,116,131,-1,131,116,115,-1,131,115,114,-1,104,101,105,-1,105,101,102,-1,101,104,39,-1,9,8,104,-1,104,8,38,-1,104,38,39,-1,7,5,43,-1,43,5,101,-1,43,101,42,-1,42,101,39,-1,132,3,133,-1,133,3,1,-1,134,135,136,-1,136,135,137,-1,138,139,140,-1,134,141,142,-1,142,141,143,-1,144,3,145,-1,145,3,132,-1,145,132,146,-1,134,142,135,-1,135,142,147,-1,135,147,132,-1,132,147,148,-1,132,148,146,-1,146,148,140,-1,146,140,149,-1,149,140,139,-1,149,139,150,-1,151,152,144,-1,144,152,2,-1,144,2,3,-1,143,153,142,-1,142,153,154,-1,142,154,140,-1,140,154,155,-1,140,155,138,-1,150,156,149,-1,149,156,157,-1,149,157,144,-1,144,157,158,-1,144,158,151,-1,150,159,156,-1,156,159,160,-1,156,160,157,-1,157,160,161,-1,157,161,158,-1,158,161,162,-1,158,162,151,-1,151,162,163,-1,151,163,152,-1,152,163,164,-1,152,164,2,-1,2,164,0,-1,165,166,167,-1,167,166,168,-1,169,170,167,-1,168,171,167,-1,167,171,172,-1,167,172,173,-1,173,174,167,-1,167,174,175,-1,167,175,176,-1,176,177,167,-1,167,177,178,-1,167,178,169,-1,179,180,165,-1,165,180,181,-1,165,181,166,-1,165,182,183,-1,183,184,165,-1,165,184,185,-1,165,185,186,-1,186,187,165,-1,165,187,188,-1,165,188,179,-1,
        ]
    }
}
Shape{
    appearance Appearance {
        material  Material 	{
            diffuseColor 0.6470588235294118 0.5176470588235295 0.0
            specularColor 0.45098039215686275 0.3607843137254902 0.0
            ambientIntensity 0.4973
            transparency 0.0
            shininess 0.5
        }
    }
    geometry IndexedFaceSet {
        ccw TRUE
        solid FALSE
        coord DEF co Coordinate {
            point [
                -0.8453 0.1857 4.2126, -0.8453 0.495 4.2126, -1.1547 0.1857 4.2126, -1.1547 0.495 4.2126, -1.1969 0.1435 4.0551, -1.1969 0.1435 1.2598, -0.8031 0.1435 4.0551, -0.8031 0.1435 1.2598, -0.8031 0.5372 4.0551, -0.8031 0.5372 1.2598, -1.1969 0.5372 4.0551, -1.1969 0.5372 1.2598, -1.1969 0.5372 -1.2205, -1.1969 0.1435 -1.2205, -1.1969 0.5372 0.4517, -1.1969 0.1435 0.9843, -1.1969 0.5372 0.9843, -0.8031 0.1435 -1.2205, -0.8031 0.5372 -1.2205, -0.8031 0.1435 0.9843, -0.8031 0.5372 0.4517, -0.8031 0.5372 0.9843, -0.8453 0.495 -1.378, -0.8453 0.1857 -1.378, -1.1547 0.495 -1.378, -1.1547 0.1857 -1.378, -1.0925 0.5372 -1.2205
            ]
        }
        coordIndex [
            0,1,2,-1,2,1,3,-1,4,5,6,-1,6,5,7,-1,6,7,8,-1,8,7,9,-1,8,9,10,-1,10,9,11,-1,10,11,4,-1,4,11,5,-1,12,13,14,-1,14,13,15,-1,14,15,16,-1,17,18,19,-1,19,18,20,-1,19,20,21,-1,17,19,13,-1,13,19,15,-1,22,23,24,-1,24,23,25,-1,13,25,17,-1,17,25,23,-1,12,24,13,-1,13,24,25,-1,22,18,23,-1,23,18,17,-1,18,22,26,-1,26,22,24,-1,26,24,12,-1,1,8,3,-1,3,8,10,-1,0,6,1,-1,1,6,8,-1,4,2,10,-1,10,2,3,-1,2,4,0,-1,0,4,6,-1,
        ]
    }
}
Shape{
    appearance Appearance {
        material  Material 	{
            diffuseColor 0.2235294117647059 0.2235294117647059 0.2235294117647059
            specularColor 0.11372549019607843 0.11372549019607843 0.11372549019607843
            ambientIntensity 0.2235
            transparency 0.0
            shininess 0.5
        }
    }
    geometry IndexedFaceSet {
        ccw TRUE
        solid FALSE
        coord DEF co Coordinate {
            point [
                -1.0913 0.5333 0.1589, -0.8945 0.5333 0.082, -1.0913 0.5372 0.1589, -0.8945 0.5372 0.082, -0.8945 0.5333 0.1109, -0.8945 0.5372 0.1109, -0.9497 0.5333 0.1308, -0.9497 0.5372 0.1308, -0.9497 0.5333 0.2121, -0.9497 0.5372 0.2121, -0.8945 0.5333 0.2309, -0.8945 0.5372 0.2309, -0.8945 0.5333 0.2597, -0.8945 0.5372 0.2597, -1.0913 0.5333 0.1853, -1.0913 0.5372 0.1853, -0.9713 0.5333 0.2055, -1.0535 0.5333 0.1761, -1.0604 0.5333 0.1742, -1.0673 0.5333 0.1729, -1.0673 0.5333 0.1723, -1.0604 0.5333 0.171, -1.0535 0.5333 0.1693, -0.9713 0.5333 0.1396, -0.9713 0.5372 0.2055, -0.9713 0.5372 0.1396, -1.0535 0.5372 0.1761, -1.0604 0.5372 0.1742, -1.0673 0.5372 0.1729, -1.0673 0.5372 0.1723, -1.0604 0.5372 0.171, -1.0535 0.5372 0.1693, -0.8945 0.5333 0.379, -0.8945 0.5333 0.4325, -0.8945 0.5372 0.379, -0.8945 0.5372 0.4325, -1.0913 0.5333 0.4325, -1.0913 0.5372 0.4325, -1.0913 0.5333 0.377, -1.0913 0.5372 0.377, -0.9954 0.5333 0.2741, -0.9954 0.5372 0.2741, -1.005 0.5372 0.2745, -1.005 0.5333 0.2745, -1.0256 0.5372 0.2782, -1.0256 0.5333 0.2782, -1.0448 0.5372 0.2864, -1.0448 0.5333 0.2864, -1.0604 0.5372 0.2983, -1.0604 0.5333 0.2983, -1.0675 0.5372 0.306, -1.0675 0.5333 0.306, -1.0802 0.5372 0.3255, -1.0802 0.5333 0.3255, -1.0883 0.5372 0.3485, -1.0883 0.5333 0.3485, -0.8966 0.5372 0.3547, -0.8966 0.5333 0.3547, -0.9034 0.5372 0.332, -0.9034 0.5333 0.332, -0.9153 0.5372 0.3114, -0.9153 0.5333 0.3114, -0.9308 0.5372 0.2952, -0.9308 0.5333 0.2952, -0.9484 0.5372 0.2839, -0.9484 0.5333 0.2839, -0.9691 0.5372 0.2769, -0.9691 0.5333 0.2769, -0.9948 0.5333 0.3005, -1.0144 0.5333 0.3022, -1.03 0.5333 0.3068, -1.0421 0.5333 0.3135, -1.0522 0.5333 0.3231, -1.0615 0.5333 0.3374, -1.0672 0.5333 0.3537, -1.0697 0.5333 0.3771, -1.0697 0.5333 0.4061, -0.9161 0.5333 0.4061, -0.9161 0.5333 0.3782, -0.918 0.5333 0.3574, -0.9232 0.5333 0.3408, -0.931 0.5333 0.3276, -0.9419 0.5333 0.3166, -0.9555 0.5333 0.3082, -0.971 0.5333 0.303, -1.0697 0.5372 0.3771, -1.0697 0.5372 0.4061, -1.0672 0.5372 0.3537, -1.0615 0.5372 0.3374, -1.0522 0.5372 0.3231, -1.0421 0.5372 0.3135, -1.03 0.5372 0.3068, -1.0144 0.5372 0.3022, -0.9948 0.5372 0.3005, -0.971 0.5372 0.303, -0.9555 0.5372 0.3082, -0.9419 0.5372 0.3166, -0.931 0.5372 0.3276, -0.9232 0.5372 0.3408, -0.918 0.5372 0.3574, -0.9161 0.5372 0.3782, -0.9161 0.5372 0.4061, -0.9161 0.5333 0.4709, -0.8945 0.5333 0.4709, -0.9161 0.5372 0.4709, -0.8945 0.5372 0.4709, -0.8945 0.5333 0.5766, -0.8945 0.5372 0.5766, -1.0913 0.5333 0.5766, -1.0913 0.5372 0.5766, -1.0913 0.5333 0.4757, -1.0913 0.5372 0.4757, -1.0697 0.5333 0.4757, -1.0697 0.5372 0.4757, -1.0697 0.5333 0.5502, -1.0697 0.5372 0.5502, -1.0049 0.5333 0.5502, -1.0049 0.5372 0.5502, -1.0049 0.5333 0.4805, -1.0049 0.5372 0.4805, -0.9833 0.5333 0.4805, -0.9833 0.5372 0.4805, -0.9833 0.5333 0.5502, -0.9833 0.5372 0.5502, -0.9161 0.5333 0.5502, -0.9161 0.5372 0.5502, -0.9263 0.5333 0.615, -0.9047 0.5333 0.615, -0.9263 0.5372 0.615, -0.9047 0.5372 0.615, -0.8921 0.5333 0.6691, -0.8921 0.5372 0.6691, -0.8922 0.5372 0.6638, -0.8922 0.5333 0.6638, -0.8961 0.5372 0.636, -0.8961 0.5333 0.636, -0.9892 0.5333 0.7614, -0.9892 0.5372 0.7614, -0.9669 0.5372 0.7596, -0.9669 0.5333 0.7596, -0.946 0.5372 0.7538, -0.946 0.5333 0.7538, -0.9272 0.5372 0.7434, -0.9272 0.5333 0.7434, -0.9115 0.5372 0.7286, -0.9115 0.5333 0.7286, -0.9012 0.5372 0.7126, -0.9012 0.5333 0.7126, -0.8946 0.5372 0.6934, -0.8946 0.5333 0.6934, -1.0937 0.5333 0.6613, -1.0937 0.5372 0.6613, -1.0919 0.5333 0.6824, -1.0925 0.5372 0.675, -1.0919 0.5372 0.6824, -1.0853 0.5372 0.704, -1.0853 0.5333 0.704, -1.0745 0.5372 0.7224, -1.0745 0.5333 0.7224, -1.0579 0.5372 0.7395, -1.0579 0.5333 0.7395, -1.0395 0.5372 0.751, -1.0395 0.5333 0.751, -1.0172 0.5372 0.7586, -1.0172 0.5333 0.7586, -1.0925 0.5372 0.6439, -1.0921 0.5333 0.6377, -1.0921 0.5372 0.6377, -1.0859 0.5333 0.615, -1.0859 0.5372 0.615, -1.0595 0.5333 0.615, -1.0595 0.5372 0.615, -1.0721 0.5333 0.6611, -1.0721 0.5372 0.6611, -1.069 0.5372 0.6372, -1.069 0.5333 0.6372, -0.9908 0.5333 0.735, -0.9908 0.5372 0.735, -1.0056 0.5372 0.7341, -1.0056 0.5333 0.7341, -1.0269 0.5372 0.7289, -1.0269 0.5333 0.7289, -1.0421 0.5372 0.7209, -1.0421 0.5333 0.7209, -1.0553 0.5372 0.7091, -1.0553 0.5333 0.7091, -1.0647 0.5372 0.6951, -1.0647 0.5333 0.6951, -1.07 0.5372 0.6805, -1.07 0.5333 0.6805, -0.9137 0.5333 0.6655, -0.9137 0.5372 0.6655, -0.9157 0.5372 0.6838, -0.9157 0.5333 0.6838, -0.9211 0.5372 0.6983, -0.9211 0.5333 0.6983, -0.9293 0.5372 0.7103, -0.9293 0.5333 0.7103, -0.9389 0.5372 0.7195, -0.9389 0.5333 0.7195, -0.9526 0.5372 0.7277, -0.9526 0.5333 0.7277, -0.9695 0.5372 0.733, -0.9695 0.5333 0.733, -0.9244 0.5372 0.6185, -0.9244 0.5333 0.6185, -0.9166 0.5372 0.6394, -0.9166 0.5333 0.6394, -0.9161 0.5333 0.7782, -0.8945 0.5333 0.7782, -0.9161 0.5372 0.7782, -0.8945 0.5372 0.7782, -0.8945 0.5333 0.879, -0.8945 0.5372 0.879, -1.0913 0.5333 0.879, -1.0913 0.5372 0.879, -1.0913 0.5333 0.8526, -1.0913 0.5372 0.8526, -0.9161 0.5333 0.8526, -0.9161 0.5372 0.8526
            ]
        }
        coordIndex [
            0,1,2,-1,2,1,3,-1,1,4,3,-1,3,4,5,-1,4,6,5,-1,5,6,7,-1,6,8,7,-1,7,8,9,-1,8,10,9,-1,9,10,11,-1,10,12,11,-1,11,12,13,-1,12,14,13,-1,13,14,15,-1,14,0,15,-1,15,0,2,-1,16,17,14,-1,12,10,8,-1,17,18,14,-1,14,18,19,-1,14,19,0,-1,0,19,20,-1,0,20,21,-1,21,22,0,-1,0,22,23,-1,0,23,1,-1,4,1,6,-1,6,1,23,-1,6,23,8,-1,8,23,16,-1,8,16,12,-1,12,16,14,-1,16,23,24,-1,24,23,25,-1,17,16,26,-1,26,16,24,-1,17,26,27,-1,17,27,18,-1,18,27,28,-1,18,28,19,-1,20,19,29,-1,29,19,28,-1,20,29,30,-1,20,30,21,-1,21,30,31,-1,21,31,22,-1,23,22,25,-1,25,22,31,-1,32,33,34,-1,34,33,35,-1,33,36,35,-1,35,36,37,-1,36,38,37,-1,37,38,39,-1,40,41,42,-1,40,42,43,-1,43,42,44,-1,43,44,45,-1,45,44,46,-1,45,46,47,-1,47,46,48,-1,47,48,49,-1,49,48,50,-1,49,50,51,-1,51,50,52,-1,51,52,53,-1,53,52,54,-1,53,54,55,-1,55,54,39,-1,55,39,38,-1,32,34,56,-1,32,56,57,-1,57,56,58,-1,57,58,59,-1,59,58,60,-1,59,60,61,-1,61,60,62,-1,61,62,63,-1,63,62,64,-1,63,64,65,-1,65,64,66,-1,65,66,67,-1,67,66,41,-1,67,41,40,-1,67,40,68,-1,68,40,43,-1,68,43,69,-1,69,43,45,-1,69,45,70,-1,70,45,47,-1,70,47,71,-1,71,47,49,-1,71,49,72,-1,72,49,51,-1,72,51,73,-1,73,51,53,-1,73,53,74,-1,74,53,55,-1,74,55,75,-1,75,55,38,-1,75,38,76,-1,76,38,36,-1,76,36,77,-1,77,36,33,-1,77,33,78,-1,78,33,32,-1,78,32,79,-1,79,32,57,-1,79,57,80,-1,80,57,59,-1,80,59,81,-1,81,59,61,-1,81,61,82,-1,82,61,63,-1,82,63,83,-1,83,63,65,-1,83,65,84,-1,84,65,67,-1,84,67,68,-1,75,76,85,-1,85,76,86,-1,75,85,87,-1,75,87,74,-1,74,87,88,-1,74,88,73,-1,73,88,89,-1,73,89,72,-1,72,89,90,-1,72,90,71,-1,71,90,91,-1,71,91,70,-1,70,91,92,-1,70,92,69,-1,69,92,93,-1,69,93,68,-1,68,93,94,-1,68,94,84,-1,84,94,95,-1,84,95,83,-1,83,95,96,-1,83,96,82,-1,82,96,97,-1,82,97,81,-1,81,97,98,-1,81,98,80,-1,80,98,99,-1,80,99,79,-1,79,99,100,-1,79,100,78,-1,77,78,101,-1,101,78,100,-1,76,77,86,-1,86,77,101,-1,102,103,104,-1,104,103,105,-1,103,106,105,-1,105,106,107,-1,106,108,107,-1,107,108,109,-1,108,110,109,-1,109,110,111,-1,110,112,111,-1,111,112,113,-1,112,114,113,-1,113,114,115,-1,114,116,115,-1,115,116,117,-1,116,118,117,-1,117,118,119,-1,118,120,119,-1,119,120,121,-1,120,122,121,-1,121,122,123,-1,122,124,123,-1,123,124,125,-1,124,102,125,-1,125,102,104,-1,106,103,102,-1,102,124,106,-1,106,124,122,-1,106,122,108,-1,112,110,114,-1,114,110,108,-1,114,108,116,-1,116,108,122,-1,116,122,118,-1,118,122,120,-1,126,127,128,-1,128,127,129,-1,130,131,132,-1,130,132,133,-1,133,132,134,-1,133,134,135,-1,135,134,129,-1,135,129,127,-1,136,137,138,-1,136,138,139,-1,139,138,140,-1,139,140,141,-1,141,140,142,-1,141,142,143,-1,143,142,144,-1,143,144,145,-1,145,144,146,-1,145,146,147,-1,147,146,148,-1,147,148,149,-1,149,148,131,-1,149,131,130,-1,150,151,152,-1,152,151,153,-1,153,154,152,-1,152,154,155,-1,152,155,156,-1,156,155,157,-1,156,157,158,-1,158,157,159,-1,158,159,160,-1,160,159,161,-1,160,161,162,-1,162,161,163,-1,162,163,164,-1,164,163,137,-1,164,137,136,-1,151,150,165,-1,165,150,166,-1,165,166,167,-1,167,166,168,-1,167,168,169,-1,168,170,169,-1,169,170,171,-1,172,173,174,-1,172,174,175,-1,175,174,171,-1,175,171,170,-1,176,177,178,-1,176,178,179,-1,179,178,180,-1,179,180,181,-1,181,180,182,-1,181,182,183,-1,183,182,184,-1,183,184,185,-1,185,184,186,-1,185,186,187,-1,187,186,188,-1,187,188,189,-1,189,188,173,-1,189,173,172,-1,190,191,192,-1,190,192,193,-1,193,192,194,-1,193,194,195,-1,195,194,196,-1,195,196,197,-1,197,196,198,-1,197,198,199,-1,199,198,200,-1,199,200,201,-1,201,200,202,-1,201,202,203,-1,203,202,177,-1,203,177,176,-1,126,128,204,-1,126,204,205,-1,205,204,206,-1,205,206,207,-1,207,206,191,-1,207,191,190,-1,193,130,190,-1,190,130,133,-1,190,133,207,-1,207,133,135,-1,207,135,205,-1,205,135,127,-1,205,127,126,-1,170,168,175,-1,175,168,166,-1,175,166,172,-1,172,166,150,-1,172,150,189,-1,189,150,152,-1,189,152,187,-1,187,152,156,-1,187,156,185,-1,185,156,158,-1,185,158,183,-1,183,158,160,-1,183,160,181,-1,181,160,162,-1,181,162,179,-1,179,162,164,-1,179,164,176,-1,176,164,136,-1,176,136,203,-1,203,136,139,-1,203,139,201,-1,201,139,141,-1,201,141,199,-1,199,141,143,-1,199,143,197,-1,197,143,145,-1,197,145,195,-1,195,145,147,-1,195,147,193,-1,193,147,149,-1,193,149,130,-1,208,209,210,-1,210,209,211,-1,209,212,211,-1,211,212,213,-1,212,214,213,-1,213,214,215,-1,214,216,215,-1,215,216,217,-1,216,218,217,-1,217,218,219,-1,218,208,219,-1,219,208,210,-1,216,214,218,-1,218,214,212,-1,218,212,208,-1,208,212,209,-1,
        ]
    }
}
Shape{
    appearance Appearance {
        material  Material 	{
            diffuseColor 0.6470588235294118 0.5176470588235295 0.0
            specularColor 0.45098039215686275 0.3607843137254902 0.0
            ambientIntensity 0.4973
            transparency 0.0
            shininess 0.5
        }
    }
    geometry IndexedFaceSet {
        ccw TRUE
        solid FALSE
        coord DEF co Coordinate {
            point [
                -0.9713 0.5372 0.2055, -0.9713 0.5372 0.1396, -1.0535 0.5372 0.1761, -1.0535 0.5372 0.1693, -1.0604 0.5372 0.1742, -1.0604 0.5372 0.171, -1.0673 0.5372 0.1729, -1.0673 0.5372 0.1723, -1.0697 0.5372 0.3771, -1.0697 0.5372 0.4061, -0.9161 0.5372 0.4061, -0.971 0.5372 0.303, -0.9948 0.5372 0.3005, -0.9555 0.5372 0.3082, -1.0144 0.5372 0.3022, -1.03 0.5372 0.3068, -1.0672 0.5372 0.3537, -0.9161 0.5372 0.3782, -0.918 0.5372 0.3574, -0.9232 0.5372 0.3408, -1.0421 0.5372 0.3135, -1.0522 0.5372 0.3231, -1.0615 0.5372 0.3374, -0.931 0.5372 0.3276, -0.9419 0.5372 0.3166
            ]
        }
        coordIndex [
            0,1,2,-1,2,1,3,-1,2,3,4,-1,4,3,5,-1,4,5,6,-1,6,5,7,-1,8,9,10,-1,11,12,8,-1,11,8,13,-1,12,14,8,-1,8,14,15,-1,8,15,16,-1,10,17,8,-1,8,17,18,-1,8,18,19,-1,20,21,15,-1,15,21,22,-1,15,22,16,-1,19,23,8,-1,8,23,24,-1,8,24,13,-1,
        ]
    }
}
Shape{
    appearance Appearance {
        material  Material 	{
            diffuseColor 0.28627450980392155 0.6627450980392157 0.32941176470588235
            specularColor 0.08627450980392157 0.2 0.09803921568627451
            ambientIntensity 0.5122
            transparency 0.0
            shininess 0.5
        }
    }
    geometry IndexedFaceSet {
        ccw TRUE
        solid FALSE
        coord DEF co Coordinate {
            point [
                0.4094 -0.9549 0.1181, 0.4094 -0.9549 0.0, 0.4094 1.6435 0.1181, 0.4094 1.801 0.0, 0.4094 1.6435 1.1811, 0.4094 1.801 1.1811, 1.5906 -0.9549 0.1181, 1.5906 -0.9549 0.0, 1.5906 1.6435 1.1811, 1.5906 1.801 1.1811, 1.5906 1.6435 0.1181, 1.5906 1.801 0.0, 0.7835 0.0293 0.2756, 0.7835 0.0293 0.9843, 1.2165 0.0293 0.2756, 1.2165 0.0293 0.9843, 0.626 -0.1282 0.1181, 1.374 -0.1282 0.1181, 1.1021 -0.6316 0.1181, 1.0986 -0.6052 0.0394, 1.0986 -0.6052 0.1181, 1.0884 -0.5806 0.0394, 1.0884 -0.5806 0.1181, 1.0722 -0.5594 0.0394, 1.0722 -0.5594 0.1181, 1.0511 -0.5432 0.0394, 1.0511 -0.5432 0.1181, 1.0264 -0.533 0.0394, 1.0264 -0.533 0.1181, 1.0 -0.5295 0.0394, 1.0 -0.5295 0.1181, 0.9736 -0.533 0.0394, 0.9736 -0.533 0.1181, 0.9489 -0.5432 0.0394, 0.9489 -0.5432 0.1181, 0.9278 -0.5594 0.0394, 0.9278 -0.5594 0.1181, 0.9116 -0.5806 0.0394, 0.9116 -0.5806 0.1181, 0.9014 -0.6052 0.0394, 0.9014 -0.6052 0.1181, 0.8979 -0.6316 0.0394, 0.8979 -0.6316 0.1181, 0.9014 -0.6581 0.0394, 0.9014 -0.6581 0.1181, 0.9116 -0.6827 0.0394, 0.9116 -0.6827 0.1181, 0.9278 -0.7039 0.0394, 0.9278 -0.7039 0.1181, 0.9489 -0.7201 0.0394, 0.9489 -0.7201 0.1181, 0.9736 -0.7303 0.0394, 0.9736 -0.7303 0.1181, 1.0 -0.7338 0.0394, 1.0 -0.7338 0.1181, 1.0264 -0.7303 0.0394, 1.0264 -0.7303 0.1181, 1.0511 -0.7201 0.0394, 1.0511 -0.7201 0.1181, 1.0722 -0.7039 0.0394, 1.0722 -0.7039 0.1181, 1.0884 -0.6827 0.0394, 1.0884 -0.6827 0.1181, 1.0986 -0.6581 0.0394, 1.0986 -0.6581 0.1181, 1.1021 -0.6316 0.0394, 1.0 -0.6316 0.0394, 1.374 1.6435 0.1181, 1.2165 1.6435 0.2756, 1.2165 1.6435 0.9843, 0.7835 1.6435 0.9843, 0.7835 1.6435 0.2756, 0.626 1.6435 0.1181, 1.8031 1.4073 1.2598, 1.8031 1.4073 4.8032, 1.5419 1.4879 1.2598, 1.5419 1.4879 4.8032, 1.2729 1.5368 1.2598, 1.2729 1.5368 4.8032, 1.0 1.5532 1.2598, 1.0 1.5532 4.8032, 0.7271 1.5368 1.2598, 0.7271 1.5368 4.8032, 0.4581 1.4879 1.2598, 0.4581 1.4879 4.8032, 0.1969 1.4073 1.2598, 0.1969 1.4073 4.8032, 0.7047 -1.073 4.4095, 0.7047 -1.4147 4.4095, 1.2953 -1.073 4.4095, 1.2953 -1.4147 4.4095, 1.3436 -1.2699 4.8032, 1.3436 -1.073 4.8032, 1.3076 -1.3979 4.5096, 1.3197 -1.3765 4.6087, 1.3282 -1.3569 4.6776, 1.3364 -1.3303 4.7442, 1.3411 -1.3057 4.7828, 1.3425 -1.2937 4.7942, 1.3432 -1.2841 4.8, 1.3435 -1.276 4.8026, 0.6718 -1.3569 4.6773, 0.6803 -1.3765 4.6087, 0.6924 -1.3979 4.5097, 0.6564 -1.073 4.8032, 0.6564 -1.2699 4.8032, 0.6565 -1.276 4.8026, 0.6568 -1.2841 4.8, 0.6575 -1.2937 4.7942, 0.6589 -1.3057 4.7828, 0.6636 -1.3303 4.7442
            ]
        }
        coordIndex [
            0,1,2,-1,2,1,3,-1,2,3,4,-1,4,3,5,-1,0,6,1,-1,1,6,7,-1,8,9,10,-1,10,9,11,-1,10,11,6,-1,6,11,7,-1,12,13,14,-1,14,13,15,-1,16,12,17,-1,17,12,14,-1,18,19,20,-1,20,19,21,-1,20,21,22,-1,22,21,23,-1,22,23,24,-1,24,23,25,-1,24,25,26,-1,26,25,27,-1,26,27,28,-1,28,27,29,-1,28,29,30,-1,30,29,31,-1,30,31,32,-1,32,31,33,-1,32,33,34,-1,34,33,35,-1,34,35,36,-1,36,35,37,-1,36,37,38,-1,38,37,39,-1,38,39,40,-1,40,39,41,-1,40,41,42,-1,42,41,43,-1,42,43,44,-1,44,43,45,-1,44,45,46,-1,46,45,47,-1,46,47,48,-1,48,47,49,-1,48,49,50,-1,50,49,51,-1,50,51,52,-1,52,51,53,-1,52,53,54,-1,54,53,55,-1,54,55,56,-1,56,55,57,-1,56,57,58,-1,58,57,59,-1,58,59,60,-1,60,59,61,-1,60,61,62,-1,62,61,63,-1,62,63,64,-1,64,63,65,-1,64,65,18,-1,18,65,19,-1,45,43,66,-1,66,43,41,-1,66,41,39,-1,51,49,66,-1,66,49,47,-1,66,47,45,-1,57,55,66,-1,66,55,53,-1,66,53,51,-1,63,61,66,-1,66,61,59,-1,66,59,57,-1,21,19,66,-1,66,19,65,-1,66,65,63,-1,27,25,66,-1,66,25,23,-1,66,23,21,-1,33,31,66,-1,66,31,29,-1,66,29,27,-1,39,37,66,-1,66,37,35,-1,66,35,33,-1,8,4,9,-1,9,4,5,-1,67,68,69,-1,10,67,8,-1,8,67,69,-1,8,69,4,-1,4,69,70,-1,70,71,4,-1,4,71,72,-1,4,72,2,-1,73,74,75,-1,75,74,76,-1,75,76,77,-1,77,76,78,-1,77,78,79,-1,79,78,80,-1,79,80,81,-1,81,80,82,-1,81,82,83,-1,83,82,84,-1,83,84,85,-1,85,84,86,-1,87,88,89,-1,89,88,90,-1,91,92,89,-1,90,93,89,-1,89,93,94,-1,89,94,95,-1,95,96,89,-1,89,96,97,-1,89,97,98,-1,98,99,89,-1,89,99,100,-1,89,100,91,-1,101,102,87,-1,87,102,103,-1,87,103,88,-1,87,104,105,-1,105,106,87,-1,87,106,107,-1,87,107,108,-1,108,109,87,-1,87,109,110,-1,87,110,101,-1,
        ]
    }
}
Shape{
    appearance Appearance {
        material  Material 	{
            diffuseColor 0.6470588235294118 0.5176470588235295 0.0
            specularColor 0.45098039215686275 0.3607843137254902 0.0
            ambientIntensity 0.4973
            transparency 0.0
            shininess 0.5
        }
    }
    geometry IndexedFaceSet {
        ccw TRUE
        solid FALSE
        coord DEF co Coordinate {
            point [
                1.1547 0.1857 4.2126, 1.1547 0.495 4.2126, 0.8453 0.1857 4.2126, 0.8453 0.495 4.2126, 0.8031 0.1435 4.0551, 0.8031 0.1435 1.2598, 1.1969 0.1435 4.0551, 1.1969 0.1435 1.2598, 1.1969 0.5372 4.0551, 1.1969 0.5372 1.2598, 0.8031 0.5372 4.0551, 0.8031 0.5372 1.2598, 0.8031 0.5372 -1.2205, 0.8031 0.1435 -1.2205, 0.8031 0.5372 0.4517, 0.8031 0.1435 0.9843, 0.8031 0.5372 0.9843, 1.1969 0.1435 -1.2205, 1.1969 0.5372 -1.2205, 1.1969 0.1435 0.9843, 1.1969 0.5372 0.4517, 1.1969 0.5372 0.9843, 1.1547 0.495 -1.378, 1.1547 0.1857 -1.378, 0.8453 0.495 -1.378, 0.8453 0.1857 -1.378, 0.9075 0.5372 -1.2205
            ]
        }
        coordIndex [
            0,1,2,-1,2,1,3,-1,4,5,6,-1,6,5,7,-1,6,7,8,-1,8,7,9,-1,8,9,10,-1,10,9,11,-1,10,11,4,-1,4,11,5,-1,12,13,14,-1,14,13,15,-1,14,15,16,-1,17,18,19,-1,19,18,20,-1,19,20,21,-1,17,19,13,-1,13,19,15,-1,22,23,24,-1,24,23,25,-1,13,25,17,-1,17,25,23,-1,12,24,13,-1,13,24,25,-1,22,18,23,-1,23,18,17,-1,18,22,26,-1,26,22,24,-1,26,24,12,-1,1,8,3,-1,3,8,10,-1,0,6,1,-1,1,6,8,-1,4,2,10,-1,10,2,3,-1,2,4,0,-1,0,4,6,-1,
        ]
    }
}
Shape{
    appearance Appearance {
        material  Material 	{
            diffuseColor 0.2235294117647059 0.2235294117647059 0.2235294117647059
            specularColor 0.11372549019607843 0.11372549019607843 0.11372549019607843
            ambientIntensity 0.2235
            transparency 0.0
            shininess 0.5
        }
    }
    geometry IndexedFaceSet {
        ccw TRUE
        solid FALSE
        coord DEF co Coordinate {
            point [
                0.9087 0.5333 0.1589, 1.1055 0.5333 0.082, 0.9087 0.5372 0.1589, 1.1055 0.5372 0.082, 1.1055 0.5333 0.1109, 1.1055 0.5372 0.1109, 1.0503 0.5333 0.1308, 1.0503 0.5372 0.1308, 1.0503 0.5333 0.2121, 1.0503 0.5372 0.2121, 1.1055 0.5333 0.2309, 1.1055 0.5372 0.2309, 1.1055 0.5333 0.2597, 1.1055 0.5372 0.2597, 0.9087 0.5333 0.1853, 0.9087 0.5372 0.1853, 1.0287 0.5333 0.2055, 0.9465 0.5333 0.1761, 0.9396 0.5333 0.1742, 0.9327 0.5333 0.1729, 0.9327 0.5333 0.1723, 0.9396 0.5333 0.171, 0.9465 0.5333 0.1693, 1.0287 0.5333 0.1396, 1.0287 0.5372 0.2055, 1.0287 0.5372 0.1396, 0.9465 0.5372 0.1761, 0.9396 0.5372 0.1742, 0.9327 0.5372 0.1729, 0.9327 0.5372 0.1723, 0.9396 0.5372 0.171, 0.9465 0.5372 0.1693, 1.1055 0.5333 0.379, 1.1055 0.5333 0.4325, 1.1055 0.5372 0.379, 1.1055 0.5372 0.4325, 0.9087 0.5333 0.4325, 0.9087 0.5372 0.4325, 0.9087 0.5333 0.377, 0.9087 0.5372 0.377, 1.0046 0.5333 0.2741, 1.0046 0.5372 0.2741, 0.995 0.5372 0.2745, 0.995 0.5333 0.2745, 0.9744 0.5372 0.2782, 0.9744 0.5333 0.2782, 0.9552 0.5372 0.2864, 0.9552 0.5333 0.2864, 0.9396 0.5372 0.2983, 0.9396 0.5333 0.2983, 0.9325 0.5372 0.306, 0.9325 0.5333 0.306, 0.9198 0.5372 0.3255, 0.9198 0.5333 0.3255, 0.9117 0.5372 0.3485, 0.9117 0.5333 0.3485, 1.1034 0.5372 0.3547, 1.1034 0.5333 0.3547, 1.0966 0.5372 0.332, 1.0966 0.5333 0.332, 1.0847 0.5372 0.3114, 1.0847 0.5333 0.3114, 1.0692 0.5372 0.2952, 1.0692 0.5333 0.2952, 1.0516 0.5372 0.2839, 1.0516 0.5333 0.2839, 1.0309 0.5372 0.2769, 1.0309 0.5333 0.2769, 1.0052 0.5333 0.3005, 0.9856 0.5333 0.3022, 0.97 0.5333 0.3068, 0.9579 0.5333 0.3135, 0.9478 0.5333 0.3231, 0.9385 0.5333 0.3374, 0.9328 0.5333 0.3537, 0.9303 0.5333 0.3771, 0.9303 0.5333 0.4061, 1.0839 0.5333 0.4061, 1.0839 0.5333 0.3782, 1.082 0.5333 0.3574, 1.0768 0.5333 0.3408, 1.069 0.5333 0.3276, 1.0581 0.5333 0.3166, 1.0445 0.5333 0.3082, 1.029 0.5333 0.303, 0.9303 0.5372 0.3771, 0.9303 0.5372 0.4061, 0.9328 0.5372 0.3537, 0.9385 0.5372 0.3374, 0.9478 0.5372 0.3231, 0.9579 0.5372 0.3135, 0.97 0.5372 0.3068, 0.9856 0.5372 0.3022, 1.0052 0.5372 0.3005, 1.029 0.5372 0.303, 1.0445 0.5372 0.3082, 1.0581 0.5372 0.3166, 1.069 0.5372 0.3276, 1.0768 0.5372 0.3408, 1.082 0.5372 0.3574, 1.0839 0.5372 0.3782, 1.0839 0.5372 0.4061, 1.0839 0.5333 0.4709, 1.1055 0.5333 0.4709, 1.0839 0.5372 0.4709, 1.1055 0.5372 0.4709, 1.1055 0.5333 0.5766, 1.1055 0.5372 0.5766, 0.9087 0.5333 0.5766, 0.9087 0.5372 0.5766, 0.9087 0.5333 0.4757, 0.9087 0.5372 0.4757, 0.9303 0.5333 0.4757, 0.9303 0.5372 0.4757, 0.9303 0.5333 0.5502, 0.9303 0.5372 0.5502, 0.9951 0.5333 0.5502, 0.9951 0.5372 0.5502, 0.9951 0.5333 0.4805, 0.9951 0.5372 0.4805, 1.0167 0.5333 0.4805, 1.0167 0.5372 0.4805, 1.0167 0.5333 0.5502, 1.0167 0.5372 0.5502, 1.0839 0.5333 0.5502, 1.0839 0.5372 0.5502, 1.0737 0.5333 0.615, 1.0953 0.5333 0.615, 1.0737 0.5372 0.615, 1.0953 0.5372 0.615, 1.1079 0.5333 0.6691, 1.1079 0.5372 0.6691, 1.1078 0.5372 0.6638, 1.1078 0.5333 0.6638, 1.1039 0.5372 0.636, 1.1039 0.5333 0.636, 1.0108 0.5333 0.7614, 1.0108 0.5372 0.7614, 1.0331 0.5372 0.7596, 1.0331 0.5333 0.7596, 1.054 0.5372 0.7538, 1.054 0.5333 0.7538, 1.0728 0.5372 0.7434, 1.0728 0.5333 0.7434, 1.0885 0.5372 0.7286, 1.0885 0.5333 0.7286, 1.0988 0.5372 0.7126, 1.0988 0.5333 0.7126, 1.1054 0.5372 0.6934, 1.1054 0.5333 0.6934, 0.9063 0.5333 0.6613, 0.9063 0.5372 0.6613, 0.9081 0.5333 0.6824, 0.9075 0.5372 0.675, 0.9081 0.5372 0.6824, 0.9147 0.5372 0.704, 0.9147 0.5333 0.704, 0.9255 0.5372 0.7224, 0.9255 0.5333 0.7224, 0.9421 0.5372 0.7395, 0.9421 0.5333 0.7395, 0.9605 0.5372 0.751, 0.9605 0.5333 0.751, 0.9828 0.5372 0.7586, 0.9828 0.5333 0.7586, 0.9075 0.5372 0.6439, 0.9079 0.5333 0.6377, 0.9079 0.5372 0.6377, 0.9141 0.5333 0.615, 0.9141 0.5372 0.615, 0.9405 0.5333 0.615, 0.9405 0.5372 0.615, 0.9279 0.5333 0.6611, 0.9279 0.5372 0.6611, 0.931 0.5372 0.6372, 0.931 0.5333 0.6372, 1.0092 0.5333 0.735, 1.0092 0.5372 0.735, 0.9944 0.5372 0.7341, 0.9944 0.5333 0.7341, 0.9731 0.5372 0.7289, 0.9731 0.5333 0.7289, 0.9579 0.5372 0.7209, 0.9579 0.5333 0.7209, 0.9447 0.5372 0.7091, 0.9447 0.5333 0.7091, 0.9353 0.5372 0.6951, 0.9353 0.5333 0.6951, 0.93 0.5372 0.6805, 0.93 0.5333 0.6805, 1.0863 0.5333 0.6655, 1.0863 0.5372 0.6655, 1.0843 0.5372 0.6838, 1.0843 0.5333 0.6838, 1.0789 0.5372 0.6983, 1.0789 0.5333 0.6983, 1.0707 0.5372 0.7103, 1.0707 0.5333 0.7103, 1.0611 0.5372 0.7195, 1.0611 0.5333 0.7195, 1.0474 0.5372 0.7277, 1.0474 0.5333 0.7277, 1.0305 0.5372 0.733, 1.0305 0.5333 0.733, 1.0756 0.5372 0.6185, 1.0756 0.5333 0.6185, 1.0834 0.5372 0.6394, 1.0834 0.5333 0.6394, 1.0839 0.5333 0.7782, 1.1055 0.5333 0.7782, 1.0839 0.5372 0.7782, 1.1055 0.5372 0.7782, 1.1055 0.5333 0.879, 1.1055 0.5372 0.879, 0.9087 0.5333 0.879, 0.9087 0.5372 0.879, 0.9087 0.5333 0.8526, 0.9087 0.5372 0.8526, 1.0839 0.5333 0.8526, 1.0839 0.5372 0.8526
            ]
        }
        coordIndex [
            0,1,2,-1,2,1,3,-1,1,4,3,-1,3,4,5,-1,4,6,5,-1,5,6,7,-1,6,8,7,-1,7,8,9,-1,8,10,9,-1,9,10,11,-1,10,12,11,-1,11,12,13,-1,12,14,13,-1,13,14,15,-1,14,0,15,-1,15,0,2,-1,16,17,14,-1,12,10,8,-1,17,18,14,-1,14,18,19,-1,14,19,0,-1,0,19,20,-1,0,20,21,-1,21,22,0,-1,0,22,23,-1,0,23,1,-1,4,1,6,-1,6,1,23,-1,6,23,8,-1,8,23,16,-1,8,16,12,-1,12,16,14,-1,16,23,24,-1,24,23,25,-1,17,16,26,-1,26,16,24,-1,17,26,27,-1,17,27,18,-1,18,27,28,-1,18,28,19,-1,20,19,29,-1,29,19,28,-1,20,29,30,-1,20,30,21,-1,21,30,31,-1,21,31,22,-1,23,22,25,-1,25,22,31,-1,32,33,34,-1,34,33,35,-1,33,36,35,-1,35,36,37,-1,36,38,37,-1,37,38,39,-1,40,41,42,-1,40,42,43,-1,43,42,44,-1,43,44,45,-1,45,44,46,-1,45,46,47,-1,47,46,48,-1,47,48,49,-1,49,48,50,-1,49,50,51,-1,51,50,52,-1,51,52,53,-1,53,52,54,-1,53,54,55,-1,55,54,39,-1,55,39,38,-1,32,34,56,-1,32,56,57,-1,57,56,58,-1,57,58,59,-1,59,58,60,-1,59,60,61,-1,61,60,62,-1,61,62,63,-1,63,62,64,-1,63,64,65,-1,65,64,66,-1,65,66,67,-1,67,66,41,-1,67,41,40,-1,67,40,68,-1,68,40,43,-1,68,43,69,-1,69,43,45,-1,69,45,70,-1,70,45,47,-1,70,47,71,-1,71,47,49,-1,71,49,72,-1,72,49,51,-1,72,51,73,-1,73,51,53,-1,73,53,74,-1,74,53,55,-1,74,55,75,-1,75,55,38,-1,75,38,76,-1,76,38,36,-1,76,36,77,-1,77,36,33,-1,77,33,78,-1,78,33,32,-1,78,32,79,-1,79,32,57,-1,79,57,80,-1,80,57,59,-1,80,59,81,-1,81,59,61,-1,81,61,82,-1,82,61,63,-1,82,63,83,-1,83,63,65,-1,83,65,84,-1,84,65,67,-1,84,67,68,-1,75,76,85,-1,85,76,86,-1,75,85,87,-1,75,87,74,-1,74,87,88,-1,74,88,73,-1,73,88,89,-1,73,89,72,-1,72,89,90,-1,72,90,71,-1,71,90,91,-1,71,91,70,-1,70,91,92,-1,70,92,69,-1,69,92,93,-1,69,93,68,-1,68,93,94,-1,68,94,84,-1,84,94,95,-1,84,95,83,-1,83,95,96,-1,83,96,82,-1,82,96,97,-1,82,97,81,-1,81,97,98,-1,81,98,80,-1,80,98,99,-1,80,99,79,-1,79,99,100,-1,79,100,78,-1,77,78,101,-1,101,78,100,-1,76,77,86,-1,86,77,101,-1,102,103,104,-1,104,103,105,-1,103,106,105,-1,105,106,107,-1,106,108,107,-1,107,108,109,-1,108,110,109,-1,109,110,111,-1,110,112,111,-1,111,112,113,-1,112,114,113,-1,113,114,115,-1,114,116,115,-1,115,116,117,-1,116,118,117,-1,117,118,119,-1,118,120,119,-1,119,120,121,-1,120,122,121,-1,121,122,123,-1,122,124,123,-1,123,124,125,-1,124,102,125,-1,125,102,104,-1,106,103,102,-1,102,124,106,-1,106,124,122,-1,106,122,108,-1,112,110,114,-1,114,110,108,-1,114,108,116,-1,116,108,122,-1,116,122,118,-1,118,122,120,-1,126,127,128,-1,128,127,129,-1,130,131,132,-1,130,132,133,-1,133,132,134,-1,133,134,135,-1,135,134,129,-1,135,129,127,-1,136,137,138,-1,136,138,139,-1,139,138,140,-1,139,140,141,-1,141,140,142,-1,141,142,143,-1,143,142,144,-1,143,144,145,-1,145,144,146,-1,145,146,147,-1,147,146,148,-1,147,148,149,-1,149,148,131,-1,149,131,130,-1,150,151,152,-1,152,151,153,-1,153,154,152,-1,152,154,155,-1,152,155,156,-1,156,155,157,-1,156,157,158,-1,158,157,159,-1,158,159,160,-1,160,159,161,-1,160,161,162,-1,162,161,163,-1,162,163,164,-1,164,163,137,-1,164,137,136,-1,151,150,165,-1,165,150,166,-1,165,166,167,-1,167,166,168,-1,167,168,169,-1,168,170,169,-1,169,170,171,-1,172,173,174,-1,172,174,175,-1,175,174,171,-1,175,171,170,-1,176,177,178,-1,176,178,179,-1,179,178,180,-1,179,180,181,-1,181,180,182,-1,181,182,183,-1,183,182,184,-1,183,184,185,-1,185,184,186,-1,185,186,187,-1,187,186,188,-1,187,188,189,-1,189,188,173,-1,189,173,172,-1,190,191,192,-1,190,192,193,-1,193,192,194,-1,193,194,195,-1,195,194,196,-1,195,196,197,-1,197,196,198,-1,197,198,199,-1,199,198,200,-1,199,200,201,-1,201,200,202,-1,201,202,203,-1,203,202,177,-1,203,177,176,-1,126,128,204,-1,126,204,205,-1,205,204,206,-1,205,206,207,-1,207,206,191,-1,207,191,190,-1,193,130,190,-1,190,130,133,-1,190,133,207,-1,207,133,135,-1,207,135,205,-1,205,135,127,-1,205,127,126,-1,170,168,175,-1,175,168,166,-1,175,166,172,-1,172,166,150,-1,172,150,189,-1,189,150,152,-1,189,152,187,-1,187,152,156,-1,187,156,185,-1,185,156,158,-1,185,158,183,-1,183,158,160,-1,183,160,181,-1,181,160,162,-1,181,162,179,-1,179,162,164,-1,179,164,176,-1,176,164,136,-1,176,136,203,-1,203,136,139,-1,203,139,201,-1,201,139,141,-1,201,141,199,-1,199,141,143,-1,199,143,197,-1,197,143,145,-1,197,145,195,-1,195,145,147,-1,195,147,193,-1,193,147,149,-1,193,149,130,-1,208,209,210,-1,210,209,211,-1,209,212,211,-1,211,212,213,-1,212,214,213,-1,213,214,215,-1,214,216,215,-1,215,216,217,-1,216,218,217,-1,217,218,219,-1,218,208,219,-1,219,208,210,-1,216,214,218,-1,218,214,212,-1,218,212,208,-1,208,212,209,-1,
        ]
    }
}
Shape{
    appearance Appearance {
        material  Material 	{
            diffuseColor 0.6470588235294118 0.5176470588235295 0.0
            specularColor 0.45098039215686275 0.3607843137254902 0.0
            ambientIntensity 0.4973
            transparency 0.0
            shininess 0.5
        }
    }
    geometry IndexedFaceSet {
        ccw TRUE
        solid FALSE
        coord DEF co Coordinate {
            point [
                1.0287 0.5372 0.2055, 1.0287 0.5372 0.1396, 0.9465 0.5372 0.1761, 0.9465 0.5372 0.1693, 0.9396 0.5372 0.1742, 0.9396 0.5372 0.171, 0.9327 0.5372 0.1729, 0.9327 0.5372 0.1723, 0.9303 0.5372 0.3771, 0.9303 0.5372 0.4061, 1.0839 0.5372 0.4061, 1.029 0.5372 0.303, 1.0052 0.5372 0.3005, 1.0445 0.5372 0.3082, 0.9856 0.5372 0.3022, 0.97 0.5372 0.3068, 0.9328 0.5372 0.3537, 1.0839 0.5372 0.3782, 1.082 0.5372 0.3574, 1.0768 0.5372 0.3408, 0.9579 0.5372 0.3135, 0.9478 0.5372 0.3231, 0.9385 0.5372 0.3374, 1.069 0.5372 0.3276, 1.0581 0.5372 0.3166
            ]
        }
        coordIndex [
            0,1,2,-1,2,1,3,-1,2,3,4,-1,4,3,5,-1,4,5,6,-1,6,5,7,-1,8,9,10,-1,11,12,8,-1,11,8,13,-1,12,14,8,-1,8,14,15,-1,8,15,16,-1,10,17,8,-1,8,17,18,-1,8,18,19,-1,20,21,15,-1,15,21,22,-1,15,22,16,-1,19,23,8,-1,8,23,24,-1,8,24,13,-1,
        ]
    }
}
Shape{
    appearance Appearance {
        material  Material 	{
            diffuseColor 0.0 0.0 0.0
            specularColor 0.0 0.0 0.0
            ambientIntensity 0.0
            transparency 0.0
            shininess 0.5
        }
    }
    geometry IndexedFaceSet {
        ccw TRUE
        solid FALSE
        coord DEF co Coordinate {
            point [
                0.8732 1.8014 3.9774, 0.8733 1.8014 3.9592, 0.8732 1.801 3.9774, 0.8733 1.801 3.9592, 0.937 1.8014 3.9779, 0.937 1.801 3.9779, 0.936 1.8014 4.1198, 0.936 1.801 4.1198, 0.9567 1.8014 4.1199, 0.9567 1.801 4.1199, 0.9578 1.8014 3.9598, 0.9578 1.801 3.9598, 0.7913 1.8014 3.9559, 0.7913 1.801 3.9559, 0.7815 1.801 3.9562, 0.7815 1.8014 3.9562, 0.7724 1.801 3.9571, 0.7724 1.8014 3.9571, 0.7642 1.801 3.9586, 0.7642 1.8014 3.9586, 0.7568 1.801 3.9607, 0.7568 1.8014 3.9607, 0.7501 1.801 3.9633, 0.7501 1.8014 3.9633, 0.7469 1.801 3.9649, 0.7469 1.8014 3.9649, 0.7467 1.8014 3.9847, 0.7467 1.801 3.9847, 0.7528 1.801 3.9815, 0.7528 1.8014 3.9815, 0.7592 1.801 3.9789, 0.7592 1.8014 3.9789, 0.7659 1.801 3.9768, 0.7659 1.8014 3.9768, 0.7731 1.801 3.9754, 0.7731 1.8014 3.9754, 0.7807 1.801 3.9745, 0.7807 1.8014 3.9745, 0.7881 1.801 3.9743, 0.7881 1.8014 3.9743, 0.7951 1.801 3.9747, 0.7951 1.8014 3.9747, 0.8017 1.801 3.9757, 0.8017 1.8014 3.9757, 0.8077 1.801 3.9774, 0.8077 1.8014 3.9774, 0.8133 1.801 3.9796, 0.8133 1.8014 3.9796, 0.8184 1.801 3.9825, 0.8184 1.8014 3.9825, 0.8232 1.801 3.9859, 0.8232 1.8014 3.9859, 0.8277 1.801 3.9899, 0.8277 1.8014 3.9899, 0.8292 1.801 3.9914, 0.8292 1.8014 3.9914, 0.833 1.801 3.9962, 0.833 1.8014 3.9962, 0.8363 1.801 4.0013, 0.8363 1.8014 4.0013, 0.839 1.801 4.0068, 0.839 1.8014 4.0068, 0.8412 1.801 4.0128, 0.8412 1.8014 4.0128, 0.8429 1.801 4.0193, 0.8429 1.8014 4.0193, 0.844 1.801 4.0263, 0.844 1.8014 4.0263, 0.8445 1.801 4.0339, 0.8445 1.8014 4.0339, 0.8445 1.801 4.0372, 0.8445 1.8014 4.0372, 0.8442 1.801 4.0455, 0.8442 1.8014 4.0455, 0.8431 1.801 4.0533, 0.8431 1.8014 4.0533, 0.8414 1.801 4.0604, 0.8414 1.8014 4.0604, 0.8392 1.801 4.0669, 0.8392 1.8014 4.0669, 0.8364 1.801 4.0728, 0.8364 1.8014 4.0728, 0.8331 1.801 4.0782, 0.8331 1.8014 4.0782, 0.8293 1.801 4.0832, 0.8293 1.8014 4.0832, 0.8274 1.801 4.0853, 0.8274 1.8014 4.0853, 0.8227 1.801 4.0896, 0.8227 1.8014 4.0896, 0.8177 1.801 4.0933, 0.8177 1.8014 4.0933, 0.8125 1.801 4.0964, 0.8125 1.8014 4.0964, 0.8069 1.801 4.0989, 0.8069 1.8014 4.0989, 0.801 1.801 4.1007, 0.801 1.8014 4.1007, 0.7947 1.801 4.102, 0.7947 1.8014 4.102, 0.788 1.801 4.1026, 0.788 1.8014 4.1026, 0.7836 1.801 4.1027, 0.7836 1.8014 4.1027, 0.7759 1.801 4.1023, 0.7759 1.8014 4.1023, 0.7685 1.801 4.1013, 0.7685 1.8014 4.1013, 0.7615 1.801 4.0995, 0.7615 1.8014 4.0995, 0.7547 1.801 4.0972, 0.7547 1.8014 4.0972, 0.7483 1.801 4.0942, 0.7483 1.8014 4.0942, 0.7459 1.801 4.093, 0.7459 1.8014 4.093, 0.7458 1.8014 4.1146, 0.7458 1.801 4.1146, 0.752 1.801 4.1169, 0.752 1.8014 4.1169, 0.7588 1.801 4.1188, 0.7588 1.8014 4.1188, 0.7665 1.801 4.1202, 0.7665 1.8014 4.1202, 0.7751 1.801 4.1211, 0.7751 1.8014 4.1211, 0.7837 1.801 4.1214, 0.7837 1.8014 4.1214, 0.7921 1.801 4.1211, 0.7921 1.8014 4.1211, 0.8 1.801 4.1202, 0.8 1.8014 4.1202, 0.8075 1.801 4.1186, 0.8075 1.8014 4.1186, 0.8146 1.801 4.1164, 0.8146 1.8014 4.1164, 0.8212 1.801 4.1136, 0.8212 1.8014 4.1136, 0.8275 1.801 4.1102, 0.8275 1.8014 4.1102, 0.8335 1.801 4.1062, 0.8335 1.8014 4.1062, 0.8392 1.801 4.1016, 0.8392 1.8014 4.1016, 0.8427 1.801 4.0982, 0.8427 1.8014 4.0982, 0.8476 1.801 4.0928, 0.8476 1.8014 4.0928, 0.852 1.801 4.087, 0.852 1.8014 4.087, 0.8557 1.801 4.0808, 0.8557 1.8014 4.0808, 0.8589 1.801 4.0743, 0.8589 1.8014 4.0743, 0.8615 1.801 4.0673, 0.8615 1.8014 4.0673, 0.8636 1.801 4.0599, 0.8636 1.8014 4.0599, 0.8651 1.801 4.0521, 0.8651 1.8014 4.0521, 0.866 1.801 4.0436, 0.866 1.8014 4.0436, 0.8663 1.801 4.0362, 0.8663 1.8014 4.0362, 0.866 1.801 4.0272, 0.866 1.8014 4.0272, 0.865 1.801 4.0187, 0.865 1.8014 4.0187, 0.8635 1.801 4.0108, 0.8635 1.8014 4.0108, 0.8613 1.801 4.0035, 0.8613 1.8014 4.0035, 0.8586 1.801 3.9968, 0.8586 1.8014 3.9968, 0.8553 1.801 3.9905, 0.8553 1.8014 3.9905, 0.8515 1.801 3.9847, 0.8515 1.8014 3.9847, 0.8473 1.801 3.9795, 0.8473 1.8014 3.9795, 0.8461 1.801 3.9781, 0.8461 1.8014 3.9781, 0.8412 1.801 3.9733, 0.8412 1.8014 3.9733, 0.8359 1.801 3.9691, 0.8359 1.8014 3.9691, 0.8302 1.801 3.9655, 0.8302 1.8014 3.9655, 0.8242 1.801 3.9624, 0.8242 1.8014 3.9624, 0.8178 1.801 3.96, 0.8178 1.8014 3.96, 0.811 1.801 3.9581, 0.811 1.8014 3.9581, 0.8037 1.801 3.9568, 0.8037 1.8014 3.9568, 0.7959 1.801 3.956, 0.7959 1.8014 3.956, 0.6286 1.8014 3.9757, 0.6287 1.8014 3.9574, 0.6286 1.801 3.9757, 0.6287 1.801 3.9574, 0.694 1.8014 3.9762, 0.694 1.801 3.9762, 0.6937 1.8014 4.03, 0.6937 1.801 4.03, 0.6364 1.8014 4.0296, 0.6364 1.801 4.0296, 0.6363 1.8014 4.048, 0.6363 1.801 4.048, 0.6935 1.8014 4.0484, 0.6935 1.801 4.0484, 0.6932 1.8014 4.0996, 0.6932 1.801 4.0996, 0.6314 1.8014 4.0992, 0.6314 1.801 4.0992, 0.6312 1.8014 4.1176, 0.6312 1.801 4.1176, 0.7137 1.8014 4.1182, 0.7137 1.801 4.1182, 0.7149 1.8014 3.9581, 0.7149 1.801 3.9581, 0.5246 1.8014 3.9801, 0.5136 1.8014 3.9647, 0.5188 1.8014 3.9828, 0.5069 1.8014 3.9681, 0.5135 1.8014 3.986, 0.5006 1.8014 3.9721, 0.5087 1.8014 3.9897, 0.4947 1.8014 3.9766, 0.5067 1.8014 3.9915, 0.4921 1.8014 3.9789, 0.5026 1.8014 3.9959, 0.4869 1.8014 3.9841, 0.4991 1.8014 4.0007, 0.4824 1.8014 3.9897, 0.4961 1.8014 4.0059, 0.4785 1.8014 3.9956, 0.4936 1.8014 4.0116, 0.4905 1.8014 4.0535, 0.4704 1.8014 4.0618, 0.4921 1.8014 4.0601, 0.4726 1.8014 4.0685, 0.4942 1.8014 4.0661, 0.4754 1.8014 4.0749, 0.4968 1.8014 4.0714, 0.4787 1.8014 4.0808, 0.5 1.8014 4.0762, 0.4827 1.8014 4.0863, 0.4873 1.8014 4.0916, 0.5036 1.8014 4.0805, 0.4913 1.8014 4.0954, 0.5065 1.8014 4.0832, 0.4972 1.8014 4.1002, 0.5114 1.8014 4.0871, 0.5034 1.8014 4.1044, 0.5168 1.8014 4.0904, 0.51 1.8014 4.108, 0.5226 1.8014 4.0931, 0.5169 1.8014 4.111, 0.5288 1.8014 4.0953, 0.5242 1.8014 4.1134, 0.5356 1.8014 4.097, 0.532 1.8014 4.1152, 0.5429 1.8014 4.0981, 0.5401 1.8014 4.1164, 0.5507 1.8014 4.0986, 0.5488 1.8014 4.117, 0.5526 1.8014 4.0986, 0.5517 1.8014 4.117, 0.5768 1.8014 4.0988, 0.5973 1.8014 4.1174, 0.5777 1.8014 3.9753, 0.5985 1.8014 3.9572, 0.5544 1.8014 3.9752, 0.5544 1.8014 3.9569, 0.546 1.8014 3.9755, 0.5452 1.8014 3.9572, 0.5381 1.8014 3.9764, 0.5365 1.8014 3.9581, 0.531 1.8014 3.978, 0.5284 1.8014 3.9597, 0.5207 1.8014 3.962, 0.4752 1.8014 4.0018, 0.4725 1.8014 4.0084, 0.4917 1.8014 4.0178, 0.4703 1.8014 4.0154, 0.4903 1.8014 4.0246, 0.4688 1.8014 4.0229, 0.4895 1.8014 4.032, 0.4678 1.8014 4.0308, 0.4893 1.8014 4.038, 0.4675 1.8014 4.0384, 0.4895 1.8014 4.046, 0.4678 1.8014 4.0467, 0.4688 1.8014 4.0545, 0.5114 1.801 4.0871, 0.4972 1.801 4.1002, 0.5065 1.801 4.0832, 0.4913 1.801 4.0954, 0.5036 1.801 4.0805, 0.4873 1.801 4.0916, 0.5 1.801 4.0762, 0.4827 1.801 4.0863, 0.4968 1.801 4.0714, 0.4787 1.801 4.0808, 0.4942 1.801 4.0661, 0.4754 1.801 4.0749, 0.4921 1.801 4.0601, 0.5188 1.801 3.9828, 0.5136 1.801 3.9647, 0.5246 1.801 3.9801, 0.5207 1.801 3.962, 0.531 1.801 3.978, 0.5284 1.801 3.9597, 0.5381 1.801 3.9764, 0.5365 1.801 3.9581, 0.546 1.801 3.9755, 0.5452 1.801 3.9572, 0.5544 1.801 3.9752, 0.5544 1.801 3.9569, 0.5777 1.801 3.9753, 0.5985 1.801 3.9572, 0.5768 1.801 4.0988, 0.5973 1.801 4.1174, 0.5526 1.801 4.0986, 0.5517 1.801 4.117, 0.5507 1.801 4.0986, 0.5488 1.801 4.117, 0.5429 1.801 4.0981, 0.5401 1.801 4.1164, 0.5356 1.801 4.097, 0.532 1.801 4.1152, 0.5288 1.801 4.0953, 0.5242 1.801 4.1134, 0.5226 1.801 4.0931, 0.5169 1.801 4.111, 0.5168 1.801 4.0904, 0.51 1.801 4.108, 0.5034 1.801 4.1044, 0.4917 1.801 4.0178, 0.4725 1.801 4.0084, 0.4936 1.801 4.0116, 0.4752 1.801 4.0018, 0.4961 1.801 4.0059, 0.4785 1.801 3.9956, 0.4991 1.801 4.0007, 0.4824 1.801 3.9897, 0.5026 1.801 3.9959, 0.4869 1.801 3.9841, 0.5067 1.801 3.9915, 0.4921 1.801 3.9789, 0.5087 1.801 3.9897, 0.4947 1.801 3.9766, 0.5135 1.801 3.986, 0.5006 1.801 3.9721, 0.5069 1.801 3.9681, 0.4726 1.801 4.0685, 0.4704 1.801 4.0618, 0.4905 1.801 4.0535, 0.4688 1.801 4.0545, 0.4895 1.801 4.046, 0.4678 1.801 4.0467, 0.4893 1.801 4.038, 0.4675 1.801 4.0384, 0.4895 1.801 4.032, 0.4678 1.801 4.0308, 0.4903 1.801 4.0246, 0.4688 1.801 4.0229, 0.4703 1.801 4.0154, 0.414 1.8014 4.0178, 0.3896 1.8014 4.0842, 0.3971 1.8014 4.1159, 0.4592 1.8014 3.9562, 0.4364 1.8014 3.9561, 0.4207 1.8014 3.9998, 0.3882 1.8014 4.089, 0.3869 1.8014 4.0954, 0.375 1.8014 4.1158, 0.3864 1.8014 4.0954, 0.3851 1.8014 4.0886, 0.384 1.8014 4.0842, 0.3602 1.8014 4.0174, 0.3151 1.8014 3.9552, 0.338 1.8014 3.9554, 0.354 1.8014 3.9993, 0.4207 1.801 3.9998, 0.414 1.801 4.0178, 0.354 1.801 3.9993, 0.3602 1.801 4.0174, 0.384 1.801 4.0842, 0.375 1.801 4.1158, 0.3151 1.801 3.9552, 0.338 1.801 3.9554, 0.3851 1.801 4.0886, 0.3864 1.801 4.0954, 0.3971 1.801 4.1159, 0.3869 1.801 4.0954, 0.3882 1.801 4.089, 0.3896 1.801 4.0842, 0.4592 1.801 3.9562, 0.4364 1.801 3.9561, 0.8733 1.8014 3.7234, 0.8735 1.8014 3.7051, 0.8733 1.801 3.7234, 0.8735 1.801 3.7051, 0.9388 1.8014 3.7238, 0.9388 1.801 3.7238, 0.9384 1.8014 3.7777, 0.9384 1.801 3.7777, 0.8811 1.8014 3.7773, 0.8811 1.801 3.7773, 0.881 1.8014 3.7956, 0.881 1.801 3.7956, 0.9383 1.8014 3.7961, 0.9383 1.801 3.7961, 0.9379 1.8014 3.8473, 0.9379 1.801 3.8473, 0.8761 1.8014 3.8469, 0.8761 1.801 3.8469, 0.876 1.8014 3.8653, 0.876 1.801 3.8653, 0.9585 1.8014 3.8659, 0.9585 1.801 3.8659, 0.9596 1.8014 3.7057, 0.9596 1.801 3.7057, 0.8196 1.8014 3.7562, 0.8151 1.8014 3.7574, 0.7819 1.8014 3.7772, 0.8088 1.8014 3.7585, 0.7889 1.8014 3.7997, 0.778 1.8014 3.8155, 0.7912 1.8014 3.8016, 0.7816 1.8014 3.8175, 0.7939 1.8014 3.8031, 0.7855 1.8014 3.819, 0.7971 1.8014 3.8043, 0.7821 1.8014 3.7499, 0.7825 1.8014 3.7455, 0.7619 1.8014 3.7779, 0.83 1.8014 3.7258, 0.8316 1.8014 3.7282, 0.8484 1.8014 3.7158, 0.8442 1.8014 3.761, 0.8302 1.8014 3.7494, 0.8283 1.8014 3.7516, 0.8232 1.8014 3.7548, 0.8158 1.8014 3.7727, 0.8222 1.8014 3.7716, 0.7824 1.8014 3.7045, 0.7624 1.8014 3.7043, 0.7823 1.8014 3.7222, 0.7833 1.8014 3.7414, 0.7853 1.8014 3.7947, 0.7695 1.8014 3.8075, 0.7869 1.8014 3.7974, 0.772 1.8014 3.8106, 0.7748 1.8014 3.8132, 0.8448 1.8014 3.7604, 0.8474 1.8014 3.7575, 0.8316 1.8014 3.7469, 0.8495 1.8014 3.7543, 0.8327 1.8014 3.7441, 0.828 1.8014 3.7701, 0.833 1.8014 3.7682, 0.826 1.8014 3.7533, 0.8374 1.8014 3.7661, 0.8411 1.8014 3.7637, 0.7829 1.8014 3.7878, 0.7639 1.8014 3.7955, 0.7839 1.8014 3.7915, 0.7654 1.8014 3.8, 0.7673 1.8014 3.804, 0.828 1.8014 3.7237, 0.8379 1.8014 3.7066, 0.8256 1.8014 3.7219, 0.8342 1.8014 3.7049, 0.8228 1.8014 3.7204, 0.8301 1.8014 3.7035, 0.8198 1.8014 3.7193, 0.846 1.8014 3.7128, 0.8444 1.8014 3.7112, 0.8413 1.8014 3.7087, 0.8335 1.8014 3.7338, 0.8531 1.8014 3.7265, 0.8328 1.8014 3.7309, 0.852 1.8014 3.7226, 0.8504 1.8014 3.719, 0.7621 1.8014 3.7844, 0.782 1.8014 3.7619, 0.7821 1.8014 3.7509, 0.7822 1.8014 3.7836, 0.7627 1.8014 3.7903, 0.7819 1.8014 3.7786, 0.8513 1.8014 3.7507, 0.8526 1.8014 3.7469, 0.8334 1.8014 3.7409, 0.8535 1.8014 3.7427, 0.8337 1.8014 3.7371, 0.79 1.8014 3.8203, 0.7949 1.8014 3.8211, 0.8008 1.8014 3.8051, 0.8004 1.8014 3.8216, 0.8049 1.8014 3.8053, 0.8029 1.8014 3.8216, 0.8069 1.8014 3.8053, 0.8096 1.8014 3.8214, 0.8123 1.8014 3.8049, 0.8161 1.8014 3.8207, 0.8175 1.8014 3.804, 0.8222 1.8014 3.8195, 0.8226 1.8014 3.8027, 0.828 1.8014 3.8179, 0.8277 1.8014 3.8008, 0.8335 1.8014 3.8158, 0.8327 1.8014 3.7983, 0.8388 1.8014 3.8133, 0.8376 1.8014 3.7953, 0.8423 1.8014 3.8113, 0.8425 1.8014 3.7918, 0.7845 1.8014 3.7376, 0.7862 1.8014 3.734, 0.7828 1.8014 3.7222, 0.7883 1.8014 3.7307, 0.7838 1.8014 3.7205, 0.8085 1.8014 3.7187, 0.804 1.8014 3.7041, 0.8046 1.8014 3.7194, 0.8 1.8014 3.7057, 0.801 1.8014 3.7206, 0.7963 1.8014 3.7078, 0.7977 1.8014 3.7222, 0.854 1.8014 3.7381, 0.8541 1.8014 3.7356, 0.8538 1.8014 3.7309, 0.7929 1.8014 3.7102, 0.7897 1.8014 3.7132, 0.7946 1.8014 3.7242, 0.7866 1.8014 3.7166, 0.7917 1.8014 3.7268, 0.7909 1.8014 3.7276, 0.8257 1.8014 3.7026, 0.8208 1.8014 3.7021, 0.8164 1.8014 3.7187, 0.818 1.8014 3.702, 0.8127 1.8014 3.7184, 0.813 1.8014 3.7022, 0.8084 1.8014 3.703, 0.8376 1.801 3.7953, 0.8425 1.801 3.7918, 0.8423 1.801 3.8113, 0.7912 1.801 3.8016, 0.778 1.801 3.8155, 0.7889 1.801 3.7997, 0.7748 1.801 3.8132, 0.7869 1.801 3.7974, 0.83 1.801 3.7258, 0.8484 1.801 3.7158, 0.8316 1.801 3.7282, 0.8504 1.801 3.719, 0.8328 1.801 3.7309, 0.7833 1.801 3.7414, 0.7825 1.801 3.7455, 0.7619 1.801 3.7779, 0.7838 1.801 3.7205, 0.7866 1.801 3.7166, 0.7946 1.801 3.7242, 0.7897 1.801 3.7132, 0.7977 1.801 3.7222, 0.7929 1.801 3.7102, 0.801 1.801 3.7206, 0.7963 1.801 3.7078, 0.8046 1.801 3.7194, 0.772 1.801 3.8106, 0.7695 1.801 3.8075, 0.7853 1.801 3.7947, 0.7673 1.801 3.804, 0.7839 1.801 3.7915, 0.8008 1.801 3.8051, 0.7949 1.801 3.8211, 0.7971 1.801 3.8043, 0.79 1.801 3.8203, 0.7939 1.801 3.8031, 0.7855 1.801 3.819, 0.7816 1.801 3.8175, 0.7845 1.801 3.7376, 0.7823 1.801 3.7222, 0.7824 1.801 3.7045, 0.7624 1.801 3.7043, 0.8283 1.801 3.7516, 0.8374 1.801 3.7661, 0.826 1.801 3.7533, 0.833 1.801 3.7682, 0.8232 1.801 3.7548, 0.828 1.801 3.7701, 0.8196 1.801 3.7562, 0.8222 1.801 3.7716, 0.8151 1.801 3.7574, 0.8158 1.801 3.7727, 0.8302 1.801 3.7494, 0.8442 1.801 3.761, 0.8411 1.801 3.7637, 0.828 1.801 3.7237, 0.8444 1.801 3.7112, 0.846 1.801 3.7128, 0.8256 1.801 3.7219, 0.8379 1.801 3.7066, 0.8413 1.801 3.7087, 0.7917 1.801 3.7268, 0.7909 1.801 3.7276, 0.7828 1.801 3.7222, 0.7883 1.801 3.7307, 0.7862 1.801 3.734, 0.8316 1.801 3.7469, 0.8474 1.801 3.7575, 0.8448 1.801 3.7604, 0.782 1.801 3.7619, 0.7621 1.801 3.7844, 0.7821 1.801 3.7509, 0.7821 1.801 3.7499, 0.852 1.801 3.7226, 0.8531 1.801 3.7265, 0.8335 1.801 3.7338, 0.8164 1.801 3.7187, 0.8208 1.801 3.7021, 0.8198 1.801 3.7193, 0.8257 1.801 3.7026, 0.8228 1.801 3.7204, 0.8301 1.801 3.7035, 0.8342 1.801 3.7049, 0.8 1.801 3.7057, 0.804 1.801 3.7041, 0.8085 1.801 3.7187, 0.8084 1.801 3.703, 0.8127 1.801 3.7184, 0.813 1.801 3.7022, 0.818 1.801 3.702, 0.7654 1.801 3.8, 0.7639 1.801 3.7955, 0.7829 1.801 3.7878, 0.7627 1.801 3.7903, 0.7822 1.801 3.7836, 0.7819 1.801 3.7786, 0.7819 1.801 3.7772, 0.8088 1.801 3.7585, 0.8334 1.801 3.7409, 0.8526 1.801 3.7469, 0.8327 1.801 3.7441, 0.8513 1.801 3.7507, 0.8495 1.801 3.7543, 0.8538 1.801 3.7309, 0.8541 1.801 3.7356, 0.8337 1.801 3.7371, 0.854 1.801 3.7381, 0.8535 1.801 3.7427, 0.8327 1.801 3.7983, 0.8388 1.801 3.8133, 0.8277 1.801 3.8008, 0.8335 1.801 3.8158, 0.8226 1.801 3.8027, 0.828 1.801 3.8179, 0.8175 1.801 3.804, 0.8222 1.801 3.8195, 0.8123 1.801 3.8049, 0.8161 1.801 3.8207, 0.8069 1.801 3.8053, 0.8096 1.801 3.8214, 0.8049 1.801 3.8053, 0.8029 1.801 3.8216, 0.8004 1.801 3.8216, 0.7021 1.8014 3.7176, 0.7021 1.801 3.7176, 0.7072 1.801 3.7179, 0.7072 1.8014 3.7179, 0.7122 1.801 3.7186, 0.7122 1.8014 3.7186, 0.7171 1.801 3.7198, 0.7171 1.8014 3.7198, 0.7219 1.801 3.7215, 0.7219 1.8014 3.7215, 0.7266 1.801 3.7236, 0.7266 1.8014 3.7236, 0.7312 1.801 3.7263, 0.7312 1.8014 3.7263, 0.735 1.801 3.7289, 0.735 1.8014 3.7289, 0.7352 1.8014 3.7082, 0.7352 1.801 3.7082, 0.7304 1.801 3.706, 0.7304 1.8014 3.706, 0.7253 1.801 3.7042, 0.7253 1.8014 3.7042, 0.7199 1.801 3.7028, 0.7199 1.8014 3.7028, 0.7142 1.801 3.7019, 0.7142 1.8014 3.7019, 0.7082 1.801 3.7013, 0.7082 1.8014 3.7013, 0.7042 1.801 3.7012, 0.7042 1.8014 3.7012, 0.6978 1.801 3.7014, 0.6978 1.8014 3.7014, 0.6919 1.801 3.7021, 0.6919 1.8014 3.7021, 0.6864 1.801 3.7031, 0.6864 1.8014 3.7031, 0.6815 1.801 3.7046, 0.6815 1.8014 3.7046, 0.677 1.801 3.7065, 0.677 1.8014 3.7065, 0.6729 1.801 3.7087, 0.6729 1.8014 3.7087, 0.6708 1.801 3.7101, 0.6708 1.8014 3.7101, 0.6676 1.801 3.7126, 0.6676 1.8014 3.7126, 0.6648 1.801 3.7153, 0.6648 1.8014 3.7153, 0.6625 1.801 3.7182, 0.6625 1.8014 3.7182, 0.6607 1.801 3.7214, 0.6607 1.8014 3.7214, 0.6593 1.801 3.7247, 0.6593 1.8014 3.7247, 0.6584 1.801 3.7282, 0.6584 1.8014 3.7282, 0.6578 1.801 3.732, 0.6578 1.8014 3.732, 0.6577 1.801 3.7347, 0.6577 1.8014 3.7347, 0.6579 1.801 3.7388, 0.6579 1.8014 3.7388, 0.6586 1.801 3.7426, 0.6586 1.8014 3.7426, 0.6597 1.801 3.7461, 0.6597 1.8014 3.7461, 0.6612 1.801 3.7493, 0.6612 1.8014 3.7493, 0.6631 1.801 3.7522, 0.6631 1.8014 3.7522, 0.6643 1.801 3.7537, 0.6643 1.8014 3.7537, 0.6668 1.801 3.7561, 0.6668 1.8014 3.7561, 0.67 1.801 3.7587, 0.67 1.8014 3.7587, 0.6741 1.801 3.7613, 0.6741 1.8014 3.7613, 0.6793 1.801 3.764, 0.6793 1.8014 3.764, 0.6857 1.801 3.7669, 0.6857 1.8014 3.7669, 0.6901 1.801 3.7687, 0.6901 1.8014 3.7687, 0.6987 1.801 3.7724, 0.6987 1.8014 3.7724, 0.7041 1.801 3.7751, 0.7041 1.8014 3.7751, 0.7076 1.801 3.7772, 0.7076 1.8014 3.7772, 0.7095 1.801 3.7786, 0.7095 1.8014 3.7786, 0.7112 1.801 3.7804, 0.7112 1.8014 3.7804, 0.7124 1.801 3.7825, 0.7124 1.8014 3.7825, 0.7133 1.801 3.7848, 0.7133 1.8014 3.7848, 0.7137 1.801 3.7874, 0.7137 1.8014 3.7874, 0.7138 1.801 3.7893, 0.7138 1.8014 3.7893, 0.7135 1.801 3.7919, 0.7135 1.8014 3.7919, 0.7128 1.801 3.7943, 0.7128 1.8014 3.7943, 0.7117 1.801 3.7964, 0.7117 1.8014 3.7964, 0.7101 1.801 3.7983, 0.7101 1.8014 3.7983, 0.7081 1.801 3.8, 0.7081 1.8014 3.8, 0.7076 1.801 3.8004, 0.7076 1.8014 3.8004, 0.705 1.801 3.8019, 0.705 1.8014 3.8019, 0.702 1.801 3.8031, 0.702 1.8014 3.8031, 0.6987 1.801 3.804, 0.6987 1.8014 3.804, 0.6949 1.801 3.8044, 0.6949 1.8014 3.8044, 0.6918 1.801 3.8045, 0.6918 1.8014 3.8045, 0.6864 1.801 3.8043, 0.6864 1.8014 3.8043, 0.6813 1.801 3.8035, 0.6813 1.8014 3.8035, 0.6764 1.801 3.8023, 0.6764 1.8014 3.8023, 0.6717 1.801 3.8007, 0.6717 1.8014 3.8007, 0.6672 1.801 3.7987, 0.6672 1.8014 3.7987, 0.6628 1.801 3.7961, 0.6628 1.8014 3.7961, 0.6626 1.8014 3.8155, 0.6626 1.801 3.8155, 0.6678 1.801 3.8175, 0.6678 1.8014 3.8175, 0.6732 1.801 3.8189, 0.6732 1.8014 3.8189, 0.6788 1.801 3.82, 0.6788 1.8014 3.82, 0.6846 1.801 3.8206, 0.6846 1.8014 3.8206, 0.6897 1.801 3.8208, 0.6897 1.8014 3.8208, 0.6956 1.801 3.8206, 0.6956 1.8014 3.8206, 0.7012 1.801 3.82, 0.7012 1.8014 3.82, 0.7063 1.801 3.8189, 0.7063 1.8014 3.8189, 0.7111 1.801 3.8174, 0.7111 1.8014 3.8174, 0.7155 1.801 3.8155, 0.7155 1.8014 3.8155, 0.7196 1.801 3.8132, 0.7196 1.8014 3.8132, 0.7215 1.801 3.812, 0.7215 1.8014 3.812, 0.7248 1.801 3.8093, 0.7248 1.8014 3.8093, 0.7276 1.801 3.8065, 0.7276 1.8014 3.8065, 0.7299 1.801 3.8035, 0.7299 1.8014 3.8035, 0.7317 1.801 3.8003, 0.7317 1.8014 3.8003, 0.733 1.801 3.797, 0.733 1.8014 3.797, 0.7339 1.801 3.7935, 0.7339 1.8014 3.7935, 0.7344 1.801 3.7897, 0.7344 1.8014 3.7897, 0.7345 1.801 3.7876, 0.7345 1.8014 3.7876, 0.7343 1.801 3.7835, 0.7343 1.8014 3.7835, 0.7336 1.801 3.7796, 0.7336 1.8014 3.7796, 0.7325 1.801 3.776, 0.7325 1.8014 3.776, 0.731 1.801 3.7727, 0.731 1.8014 3.7727, 0.7292 1.801 3.7699, 0.7292 1.8014 3.7699, 0.7289 1.801 3.7695, 0.7289 1.8014 3.7695, 0.7269 1.801 3.7672, 0.7269 1.8014 3.7672, 0.7242 1.801 3.7649, 0.7242 1.8014 3.7649, 0.7206 1.801 3.7623, 0.7206 1.8014 3.7623, 0.7159 1.801 3.7596, 0.7159 1.8014 3.7596, 0.71 1.801 3.7566, 0.71 1.8014 3.7566, 0.7043 1.801 3.7542, 0.7043 1.8014 3.7542, 0.6956 1.801 3.7506, 0.6956 1.8014 3.7506, 0.6898 1.801 3.7479, 0.6898 1.8014 3.7479, 0.6859 1.801 3.7456, 0.6859 1.8014 3.7456, 0.6834 1.801 3.7438, 0.6834 1.8014 3.7438, 0.6814 1.801 3.7418, 0.6814 1.8014 3.7418, 0.68 1.801 3.7397, 0.68 1.8014 3.7397, 0.679 1.801 3.7374, 0.679 1.8014 3.7374, 0.6785 1.801 3.7349, 0.6785 1.8014 3.7349, 0.6783 1.801 3.7329, 0.6783 1.8014 3.7329, 0.6786 1.801 3.73, 0.6786 1.8014 3.73, 0.6793 1.801 3.7274, 0.6793 1.8014 3.7274, 0.6804 1.801 3.7252, 0.6804 1.8014 3.7252, 0.6819 1.801 3.7233, 0.6819 1.8014 3.7233, 0.6838 1.801 3.7217, 0.6838 1.8014 3.7217, 0.6861 1.801 3.7203, 0.6861 1.8014 3.7203, 0.689 1.801 3.7192, 0.689 1.8014 3.7192, 0.6924 1.801 3.7183, 0.6924 1.8014 3.7183, 0.6966 1.801 3.7178, 0.6966 1.8014 3.7178, 0.5577 1.8014 3.8173, 0.5369 1.8014 3.8171, 0.5577 1.801 3.8173, 0.5369 1.801 3.8171, 0.5896 1.8014 3.7314, 0.5896 1.801 3.7314, 0.5911 1.801 3.726, 0.5911 1.8014 3.726, 0.5921 1.801 3.7221, 0.5921 1.8014 3.7221, 0.5926 1.8014 3.7221, 0.5926 1.801 3.7221, 0.595 1.8014 3.7316, 0.595 1.801 3.7316, 0.6243 1.8014 3.8177, 0.6243 1.801 3.8177, 0.6467 1.8014 3.8179, 0.6467 1.801 3.8179, 0.6026 1.8014 3.7034, 0.6026 1.801 3.7034, 0.6116 1.8014 3.6827, 0.6116 1.801 3.6827, 0.614 1.801 3.678, 0.614 1.8014 3.678, 0.6164 1.801 3.6745, 0.6164 1.8014 3.6745, 0.6192 1.801 3.6715, 0.6192 1.8014 3.6715, 0.6222 1.801 3.6693, 0.6222 1.8014 3.6693, 0.6254 1.801 3.6678, 0.6254 1.8014 3.6678, 0.6288 1.801 3.667, 0.6288 1.8014 3.667, 0.6323 1.801 3.6667, 0.6323 1.8014 3.6667, 0.6366 1.801 3.6671, 0.6366 1.8014 3.6671, 0.641 1.801 3.6682, 0.641 1.8014 3.6682, 0.6436 1.801 3.6691, 0.6436 1.8014 3.6691, 0.6438 1.8014 3.6513, 0.6438 1.801 3.6513, 0.639 1.801 3.6502, 0.639 1.8014 3.6502, 0.6335 1.801 3.6496, 0.6335 1.8014 3.6496, 0.6308 1.801 3.6495, 0.6308 1.8014 3.6495, 0.6259 1.801 3.6498, 0.6259 1.8014 3.6498, 0.6212 1.801 3.6508, 0.6212 1.8014 3.6508, 0.6168 1.801 3.6524, 0.6168 1.8014 3.6524, 0.6126 1.801 3.6546, 0.6126 1.8014 3.6546, 0.6086 1.801 3.6575, 0.6086 1.8014 3.6575, 0.6046 1.801 3.6612, 0.6046 1.8014 3.6612, 0.6008 1.801 3.6656, 0.6008 1.8014 3.6656, 0.5972 1.801 3.6709, 0.5972 1.8014 3.6709, 0.5936 1.801 3.6773, 0.5936 1.8014 3.6773, 0.5903 1.801 3.6846, 0.5903 1.8014 3.6846, 0.5898 1.801 3.6858, 0.5898 1.8014 3.6858, 0.4299 1.8014 3.7202, 0.43 1.8014 3.702, 0.4299 1.801 3.7202, 0.43 1.801 3.702, 0.4953 1.8014 3.7207, 0.4953 1.801 3.7207, 0.4949 1.8014 3.7746, 0.4949 1.801 3.7746, 0.4377 1.8014 3.7742, 0.4377 1.801 3.7742, 0.4375 1.8014 3.7925, 0.4375 1.801 3.7925, 0.4948 1.8014 3.7929, 0.4948 1.801 3.7929, 0.4944 1.8014 3.8442, 0.4944 1.801 3.8442, 0.4326 1.8014 3.8437, 0.4326 1.801 3.8437, 0.4325 1.8014 3.8621, 0.4325 1.801 3.8621, 0.515 1.8014 3.8627, 0.515 1.801 3.8627, 0.5161 1.8014 3.7026, 0.5161 1.801 3.7026, 0.3259 1.8014 3.7247, 0.3149 1.8014 3.7093, 0.32 1.8014 3.7273, 0.3082 1.8014 3.7127, 0.3147 1.8014 3.7305, 0.3019 1.8014 3.7166, 0.3099 1.8014 3.7343, 0.296 1.8014 3.7211, 0.308 1.8014 3.7361, 0.2934 1.8014 3.7234, 0.3039 1.8014 3.7404, 0.2882 1.8014 3.7286, 0.3003 1.8014 3.7452, 0.2837 1.8014 3.7342, 0.2974 1.8014 3.7505, 0.2797 1.8014 3.7401, 0.2949 1.8014 3.7562, 0.2918 1.8014 3.798, 0.2716 1.8014 3.8063, 0.2933 1.8014 3.8047, 0.2738 1.8014 3.8131, 0.2955 1.8014 3.8106, 0.2766 1.8014 3.8194, 0.2981 1.8014 3.816, 0.28 1.8014 3.8253, 0.3013 1.8014 3.8208, 0.284 1.8014 3.8309, 0.2885 1.8014 3.8361, 0.3049 1.8014 3.8251, 0.2925 1.8014 3.8399, 0.3078 1.8014 3.8278, 0.2984 1.8014 3.8448, 0.3127 1.8014 3.8316, 0.3047 1.8014 3.849, 0.318 1.8014 3.8349, 0.3113 1.8014 3.8525, 0.3238 1.8014 3.8377, 0.3182 1.8014 3.8555, 0.3301 1.8014 3.8399, 0.3255 1.8014 3.8579, 0.3368 1.8014 3.8415, 0.3332 1.8014 3.8597, 0.3442 1.8014 3.8426, 0.3414 1.8014 3.8609, 0.352 1.8014 3.8431, 0.3501 1.8014 3.8615, 0.3539 1.8014 3.8432, 0.3529 1.8014 3.8616, 0.3781 1.8014 3.8433, 0.3986 1.8014 3.8619, 0.3789 1.8014 3.7199, 0.3997 1.8014 3.7018, 0.3557 1.8014 3.7197, 0.3557 1.8014 3.7015, 0.3473 1.8014 3.72, 0.3465 1.8014 3.7017, 0.3394 1.8014 3.7209, 0.3378 1.8014 3.7027, 0.3323 1.8014 3.7225, 0.3296 1.8014 3.7043, 0.322 1.8014 3.7065, 0.2764 1.8014 3.7463, 0.2737 1.8014 3.7529, 0.293 1.8014 3.7624, 0.2716 1.8014 3.7599, 0.2916 1.8014 3.7691, 0.27 1.8014 3.7674, 0.2907 1.8014 3.7766, 0.2691 1.8014 3.7753, 0.2905 1.8014 3.7825, 0.2688 1.8014 3.783, 0.2908 1.8014 3.7906, 0.2691 1.8014 3.7912, 0.27 1.8014 3.799, 0.3127 1.801 3.8316, 0.2984 1.801 3.8448, 0.3078 1.801 3.8278, 0.2925 1.801 3.8399, 0.3049 1.801 3.8251, 0.2885 1.801 3.8361, 0.3013 1.801 3.8208, 0.284 1.801 3.8309, 0.2981 1.801 3.816, 0.28 1.801 3.8253, 0.2955 1.801 3.8106, 0.2766 1.801 3.8194, 0.2933 1.801 3.8047, 0.32 1.801 3.7273, 0.3149 1.801 3.7093, 0.3259 1.801 3.7247, 0.322 1.801 3.7065, 0.3323 1.801 3.7225, 0.3296 1.801 3.7043, 0.3394 1.801 3.7209, 0.3378 1.801 3.7027, 0.3473 1.801 3.72, 0.3465 1.801 3.7017, 0.3557 1.801 3.7197, 0.3557 1.801 3.7015, 0.3789 1.801 3.7199, 0.3997 1.801 3.7018, 0.3781 1.801 3.8433, 0.3986 1.801 3.8619, 0.3539 1.801 3.8432, 0.3529 1.801 3.8616, 0.352 1.801 3.8431, 0.3501 1.801 3.8615, 0.3442 1.801 3.8426, 0.3414 1.801 3.8609, 0.3368 1.801 3.8415, 0.3332 1.801 3.8597, 0.3301 1.801 3.8399, 0.3255 1.801 3.8579, 0.3238 1.801 3.8377, 0.3182 1.801 3.8555, 0.318 1.801 3.8349, 0.3113 1.801 3.8525, 0.3047 1.801 3.849, 0.293 1.801 3.7624, 0.2737 1.801 3.7529, 0.2949 1.801 3.7562, 0.2764 1.801 3.7463, 0.2974 1.801 3.7505, 0.2797 1.801 3.7401, 0.3003 1.801 3.7452, 0.2837 1.801 3.7342, 0.3039 1.801 3.7404, 0.2882 1.801 3.7286, 0.308 1.801 3.7361, 0.2934 1.801 3.7234, 0.3099 1.801 3.7343, 0.296 1.801 3.7211, 0.3147 1.801 3.7305, 0.3019 1.801 3.7166, 0.3082 1.801 3.7127, 0.2738 1.801 3.8131, 0.2716 1.801 3.8063, 0.2918 1.801 3.798, 0.27 1.801 3.799, 0.2908 1.801 3.7906, 0.2691 1.801 3.7912, 0.2905 1.801 3.7825, 0.2688 1.801 3.783, 0.2907 1.801 3.7766, 0.2691 1.801 3.7753, 0.2916 1.801 3.7691, 0.27 1.801 3.7674, 0.2716 1.801 3.7599, 0.2153 1.8014 3.7624, 0.1908 1.8014 3.8287, 0.1984 1.8014 3.8605, 0.2605 1.8014 3.7008, 0.2376 1.8014 3.7006, 0.2219 1.8014 3.7443, 0.1894 1.8014 3.8335, 0.1881 1.8014 3.8399, 0.1762 1.8014 3.8603, 0.1877 1.8014 3.8399, 0.1864 1.8014 3.8332, 0.1852 1.8014 3.8287, 0.1615 1.8014 3.762, 0.1164 1.8014 3.6998, 0.1392 1.8014 3.6999, 0.1553 1.8014 3.7438, 0.2219 1.801 3.7443, 0.2153 1.801 3.7624, 0.1553 1.801 3.7438, 0.1615 1.801 3.762, 0.1852 1.801 3.8287, 0.1762 1.801 3.8603, 0.1164 1.801 3.6998, 0.1392 1.801 3.6999, 0.1864 1.801 3.8332, 0.1877 1.801 3.8399, 0.1984 1.801 3.8605, 0.1881 1.801 3.8399, 0.1894 1.801 3.8335, 0.1908 1.801 3.8287, 0.2605 1.801 3.7008, 0.2376 1.801 3.7006, 1.6502 1.8014 3.667, 1.6378 1.8014 3.6565, 1.6765 1.8014 3.7888, 1.5774 1.8014 3.9941, 1.5692 1.8014 3.9896, 1.6039 1.8014 4.073, 1.5022 1.8014 4.0738, 1.4827 1.8014 4.0841, 1.5177 1.8014 4.1436, 1.2761 1.8014 4.0137, 1.2668 1.8014 3.9936, 1.2013 1.8014 4.0155, 1.2605 1.8014 3.9724, 1.2575 1.8014 3.9544, 1.2156 1.8014 3.7828, 1.2314 1.8014 3.7781, 1.215 1.8014 3.7103, 1.6782 1.8014 3.7126, 1.6714 1.8014 3.6959, 1.662 1.8014 3.6807, 1.2959 1.8014 3.8419, 1.3307 1.8014 3.9025, 1.4559 1.8014 3.7588, 1.4839 1.8014 3.8239, 1.4559 1.8014 3.7474, 1.5183 1.8014 3.6468, 1.457 1.8014 3.7328, 1.5028 1.8014 3.6563, 1.49 1.8014 3.6672, 1.53 1.8014 3.7643, 1.5271 1.8014 3.7539, 1.5267 1.8014 3.7429, 1.5292 1.8014 3.7319, 1.5344 1.8014 3.722, 1.6061 1.8014 3.7742, 1.6714 1.8014 3.8005, 1.6117 1.8014 3.7647, 1.6148 1.8014 3.7539, 1.6624 1.8014 4.0025, 1.6765 1.8014 4.0698, 1.6987 1.8014 4.0627, 1.6009 1.8014 3.7144, 1.5919 1.8014 3.708, 1.622 1.8014 3.6468, 1.5815 1.8014 3.704, 1.2365 1.8014 3.7071, 1.2428 1.8014 3.7766, 1.3037 1.8014 3.7076, 1.2941 1.8014 3.777, 1.3093 1.8014 3.7085, 1.4935 1.8014 4.1536, 1.4619 1.8014 4.0916, 1.4685 1.8014 4.1606, 1.6929 1.8014 3.7981, 1.7128 1.8014 3.7254, 1.6911 1.8014 3.7164, 1.6798 1.8014 3.9957, 1.72 1.8014 4.0527, 1.6958 1.8014 3.9862, 1.74 1.8014 4.0399, 1.7101 1.8014 3.9742, 1.4778 1.8014 3.6813, 1.4681 1.8014 3.6973, 1.4611 1.8014 3.7146, 1.5631 1.8014 3.863, 1.569 1.8014 3.8632, 1.5706 1.8014 3.7915, 1.5871 1.8014 3.8619, 1.5814 1.8014 3.7902, 1.6044 1.8014 3.8577, 1.5914 1.8014 3.7865, 1.5457 1.8014 3.8607, 1.5629 1.8014 3.7908, 1.5279 1.8014 3.8554, 1.5522 1.8014 3.7873, 1.5114 1.8014 3.8473, 1.5428 1.8014 3.7814, 1.4966 1.8014 3.8367, 1.621 1.8014 3.8508, 1.635 1.8014 3.8423, 1.6004 1.8014 3.7803, 1.6492 1.8014 3.8305, 1.6615 1.8014 3.8164, 1.1638 1.8014 3.8905, 1.1032 1.8014 3.9273, 1.1699 1.8014 3.9058, 1.1133 1.8014 3.9464, 1.1787 1.8014 3.9197, 1.1262 1.8014 3.9643, 1.1899 1.8014 3.9317, 1.1414 1.8014 3.9804, 1.2028 1.8014 3.9413, 1.7202 1.8014 3.8237, 1.7689 1.8014 3.7679, 1.7075 1.8014 3.8098, 1.7517 1.8014 3.7511, 1.733 1.8014 3.7369, 1.6536 1.8014 4.0741, 1.6441 1.8014 4.0063, 1.6301 1.8014 4.0754, 1.6295 1.8014 4.0071, 1.617 1.8014 4.0746, 1.6117 1.8014 4.0055, 1.5944 1.8014 4.0012, 1.6081 1.8014 3.7227, 1.6128 1.8014 3.7322, 1.6151 1.8014 3.7428, 1.1943 1.8014 3.7164, 1.1746 1.8014 3.7252, 1.201 1.8014 3.7903, 1.1561 1.8014 3.7368, 1.1881 1.8014 3.8004, 1.1391 1.8014 3.751, 1.1829 1.8014 3.8058, 1.1325 1.8014 3.7576, 1.1732 1.8014 3.8188, 1.5411 1.8014 4.1309, 1.5535 1.8014 4.1227, 1.5199 1.8014 4.061, 1.5717 1.8014 4.1083, 1.5358 1.8014 4.0458, 1.5883 1.8014 4.0917, 1.5494 1.8014 4.0287, 1.5606 1.8014 4.0099, 1.2111 1.8014 4.0384, 1.2235 1.8014 4.0601, 1.288 1.8014 4.0324, 1.2389 1.8014 4.0811, 1.3024 1.8014 4.0492, 1.7424 1.8014 3.8736, 1.8103 1.8014 3.8461, 1.7376 1.8014 3.8555, 1.8031 1.8014 3.8237, 1.7299 1.8014 3.8384, 1.7931 1.8014 3.8022, 1.7803 1.8014 3.7821, 1.5352 1.8014 3.7735, 1.6047 1.8014 3.6397, 1.5863 1.8014 3.6355, 1.5713 1.8014 3.7027, 1.5706 1.8014 3.6344, 1.5604 1.8014 3.7039, 1.1618 1.8014 3.8485, 1.09 1.8014 3.8555, 1.1602 1.8014 3.8649, 1.0896 1.8014 3.8655, 1.1606 1.8014 3.8742, 1.0913 1.8014 3.8868, 1.0958 1.8014 3.9073, 1.1188 1.8014 3.7745, 1.1076 1.8014 3.7928, 1.1662 1.8014 3.8332, 1.0989 1.8014 3.8127, 1.093 1.8014 3.8337, 1.5417 1.8014 3.7137, 1.5504 1.8014 3.7077, 1.5349 1.8014 3.6399, 1.5523 1.8014 3.6357, 1.2996 1.8014 3.7781, 1.3277 1.8014 3.7199, 1.3243 1.8014 3.7165, 1.4165 1.8014 4.1661, 1.4159 1.8014 4.0978, 1.4086 1.8014 4.1659, 1.3942 1.8014 4.0962, 1.731 1.8014 3.9462, 1.8006 1.8014 3.9645, 1.7381 1.8014 3.9297, 1.8086 1.8014 3.9423, 1.7425 1.8014 3.9123, 1.8137 1.8014 3.9193, 1.7441 1.8014 3.8941, 1.8158 1.8014 3.8971, 1.7441 1.8014 3.8908, 1.8159 1.8014 3.8923, 1.8145 1.8014 3.869, 1.2484 1.8014 3.9543, 1.2323 1.8014 3.9527, 1.1969 1.8014 4.014, 1.2171 1.8014 3.9484, 1.1779 1.8014 4.0058, 1.1588 1.8014 3.9944, 1.3364 1.8014 3.7431, 1.3355 1.8014 3.7349, 1.3326 1.8014 3.7271, 1.2962 1.8014 3.7773, 1.3169 1.8014 3.7113, 1.4429 1.8014 4.1648, 1.4402 1.8014 4.0962, 1.4193 1.8014 4.0978, 1.3094 1.8014 3.7772, 1.3172 1.8014 3.7743, 1.3362 1.8014 3.7466, 1.3243 1.8014 3.7694, 1.3299 1.8014 3.7632, 1.3342 1.8014 3.7553, 1.7574 1.8014 4.0256, 1.7614 1.8014 4.0217, 1.7212 1.8014 3.9616, 1.7769 1.8014 4.0043, 1.79 1.8014 3.9852, 1.3009 1.8014 3.7782, 1.2569 1.8014 4.1008, 1.2621 1.8014 4.1058, 1.3163 1.8014 4.0619, 1.2837 1.8014 4.1228, 1.3341 1.8014 4.0745, 1.3067 1.8014 4.1372, 1.3532 1.8014 4.0845, 1.3311 1.8014 4.1488, 1.3734 1.8014 4.0917, 1.3564 1.8014 4.1576, 1.3823 1.8014 4.1633, 1.3307 1.801 3.9025, 1.2959 1.801 3.8419, 1.4839 1.801 3.8239, 1.4559 1.801 3.7588, 1.5183 1.801 3.6468, 1.7202 1.801 3.8237, 1.7075 1.801 3.8098, 1.6782 1.801 3.7126, 1.7299 1.801 3.8384, 1.4559 1.801 3.7474, 1.457 1.801 3.7328, 1.5028 1.801 3.6563, 1.49 1.801 3.6672, 1.6765 1.801 3.7888, 1.6502 1.801 3.667, 1.662 1.801 3.6807, 1.5606 1.801 4.0099, 1.5692 1.801 3.9896, 1.6039 1.801 4.073, 1.5774 1.801 3.9941, 1.6798 1.801 3.9957, 1.6987 1.801 4.0627, 1.6624 1.801 4.0025, 1.6765 1.801 4.0698, 1.6441 1.801 4.0063, 1.6536 1.801 4.0741, 1.6295 1.801 4.0071, 1.4827 1.801 4.0841, 1.5022 1.801 4.0738, 1.5411 1.801 4.1309, 1.5713 1.801 3.7027, 1.5604 1.801 3.7039, 1.5523 1.801 3.6357, 1.5344 1.801 3.722, 1.5292 1.801 3.7319, 1.5267 1.801 3.7429, 1.5271 1.801 3.7539, 1.6714 1.801 3.6959, 1.6929 1.801 3.7981, 1.5944 1.801 4.0012, 1.6117 1.801 4.0055, 1.617 1.801 4.0746, 1.6301 1.801 4.0754, 1.288 1.801 4.0324, 1.2235 1.801 4.0601, 1.2761 1.801 4.0137, 1.2111 1.801 4.0384, 1.2668 1.801 3.9936, 1.2013 1.801 4.0155, 1.2605 1.801 3.9724, 1.5535 1.801 4.1227, 1.5199 1.801 4.061, 1.5717 1.801 4.1083, 1.2171 1.801 3.9484, 1.2323 1.801 3.9527, 1.5349 1.801 3.6399, 1.5504 1.801 3.7077, 1.5417 1.801 3.7137, 1.6378 1.801 3.6565, 1.6151 1.801 3.7428, 1.6128 1.801 3.7322, 1.5706 1.801 3.6344, 1.5863 1.801 3.6355, 1.5815 1.801 3.704, 1.6047 1.801 3.6397, 1.5919 1.801 3.708, 1.622 1.801 3.6468, 1.6009 1.801 3.7144, 1.6081 1.801 3.7227, 1.4611 1.801 3.7146, 1.4681 1.801 3.6973, 1.4778 1.801 3.6813, 1.5883 1.801 4.0917, 1.5358 1.801 4.0458, 1.5494 1.801 4.0287, 1.1662 1.801 3.8332, 1.1076 1.801 3.7928, 1.1732 1.801 3.8188, 1.1188 1.801 3.7745, 1.1829 1.801 3.8058, 1.1325 1.801 3.7576, 1.1881 1.801 3.8004, 1.1391 1.801 3.751, 1.201 1.801 3.7903, 1.1699 1.801 3.9058, 1.1032 1.801 3.9273, 1.1638 1.801 3.8905, 1.0958 1.801 3.9073, 1.1606 1.801 3.8742, 1.0913 1.801 3.8868, 1.1602 1.801 3.8649, 1.2484 1.801 3.9543, 1.2575 1.801 3.9544, 1.7381 1.801 3.9297, 1.8006 1.801 3.9645, 1.731 1.801 3.9462, 1.79 1.801 3.9852, 1.7212 1.801 3.9616, 1.7376 1.801 3.8555, 1.8103 1.801 3.8461, 1.7424 1.801 3.8736, 1.8145 1.801 3.869, 1.7441 1.801 3.8908, 1.8159 1.801 3.8923, 1.7441 1.801 3.8941, 1.8158 1.801 3.8971, 1.7425 1.801 3.9123, 1.8137 1.801 3.9193, 1.8086 1.801 3.9423, 1.7689 1.801 3.7679, 1.7803 1.801 3.7821, 1.53 1.801 3.7643, 1.5352 1.801 3.7735, 1.4966 1.801 3.8367, 1.5428 1.801 3.7814, 1.5114 1.801 3.8473, 1.5522 1.801 3.7873, 1.5279 1.801 3.8554, 1.5457 1.801 3.8607, 1.5629 1.801 3.7908, 1.5631 1.801 3.863, 1.5706 1.801 3.7915, 1.569 1.801 3.8632, 1.5871 1.801 3.8619, 1.5814 1.801 3.7902, 1.6044 1.801 3.8577, 1.621 1.801 3.8508, 1.5914 1.801 3.7865, 1.635 1.801 3.8423, 1.6004 1.801 3.7803, 1.6492 1.801 3.8305, 1.6615 1.801 3.8164, 1.6061 1.801 3.7742, 1.6714 1.801 3.8005, 1.6117 1.801 3.7647, 1.6148 1.801 3.7539, 1.7769 1.801 4.0043, 1.7614 1.801 4.0217, 1.7101 1.801 3.9742, 1.7574 1.801 4.0256, 1.6958 1.801 3.9862, 1.74 1.801 4.0399, 1.72 1.801 4.0527, 1.7931 1.801 3.8022, 1.8031 1.801 3.8237, 1.3243 1.801 3.7165, 1.3277 1.801 3.7199, 1.2996 1.801 3.7781, 1.3326 1.801 3.7271, 1.0896 1.801 3.8655, 1.09 1.801 3.8555, 1.1618 1.801 3.8485, 1.093 1.801 3.8337, 1.0989 1.801 3.8127, 1.1969 1.801 4.014, 1.1779 1.801 4.0058, 1.2028 1.801 3.9413, 1.1588 1.801 3.9944, 1.1899 1.801 3.9317, 1.1414 1.801 3.9804, 1.1787 1.801 3.9197, 1.1262 1.801 3.9643, 1.1133 1.801 3.9464, 1.1561 1.801 3.7368, 1.1746 1.801 3.7252, 1.2156 1.801 3.7828, 1.1943 1.801 3.7164, 1.2314 1.801 3.7781, 1.215 1.801 3.7103, 1.2428 1.801 3.7766, 1.2365 1.801 3.7071, 1.2941 1.801 3.777, 1.3037 1.801 3.7076, 1.2962 1.801 3.7773, 1.3093 1.801 3.7085, 1.3169 1.801 3.7113, 1.3355 1.801 3.7349, 1.3364 1.801 3.7431, 1.3362 1.801 3.7466, 1.6911 1.801 3.7164, 1.7128 1.801 3.7254, 1.3342 1.801 3.7553, 1.3299 1.801 3.7632, 1.3243 1.801 3.7694, 1.3172 1.801 3.7743, 1.733 1.801 3.7369, 1.7517 1.801 3.7511, 1.3163 1.801 4.0619, 1.2621 1.801 4.1058, 1.3024 1.801 4.0492, 1.2569 1.801 4.1008, 1.2389 1.801 4.0811, 1.5177 1.801 4.1436, 1.4935 1.801 4.1536, 1.4619 1.801 4.0916, 1.4685 1.801 4.1606, 1.4402 1.801 4.0962, 1.4429 1.801 4.1648, 1.4193 1.801 4.0978, 1.4165 1.801 4.1661, 1.4159 1.801 4.0978, 1.4086 1.801 4.1659, 1.3942 1.801 4.0962, 1.3823 1.801 4.1633, 1.3734 1.801 4.0917, 1.3564 1.801 4.1576, 1.3532 1.801 4.0845, 1.3311 1.801 4.1488, 1.3341 1.801 4.0745, 1.3067 1.801 4.1372, 1.2837 1.801 4.1228, 1.3094 1.801 3.7772, 1.3009 1.801 3.7782
            ]
        }
        coordIndex [
            0,1,2,-1,2,1,3,-1,4,0,5,-1,5,0,2,-1,6,4,7,-1,7,4,5,-1,8,6,9,-1,9,6,7,-1,10,8,11,-1,11,8,9,-1,1,10,3,-1,3,10,11,-1,6,8,4,-1,4,8,10,-1,4,10,0,-1,0,10,1,-1,2,3,5,-1,5,3,11,-1,5,11,7,-1,7,11,9,-1,12,13,14,-1,12,14,15,-1,15,14,16,-1,15,16,17,-1,17,16,18,-1,17,18,19,-1,19,18,20,-1,19,20,21,-1,21,20,22,-1,21,22,23,-1,23,22,24,-1,23,24,25,-1,26,25,27,-1,27,25,24,-1,26,27,28,-1,26,28,29,-1,29,28,30,-1,29,30,31,-1,31,30,32,-1,31,32,33,-1,33,32,34,-1,33,34,35,-1,35,34,36,-1,35,36,37,-1,37,36,38,-1,37,38,39,-1,39,38,40,-1,39,40,41,-1,41,40,42,-1,41,42,43,-1,43,42,44,-1,43,44,45,-1,45,44,46,-1,45,46,47,-1,47,46,48,-1,47,48,49,-1,49,48,50,-1,49,50,51,-1,51,50,52,-1,51,52,53,-1,53,52,54,-1,53,54,55,-1,55,54,56,-1,55,56,57,-1,57,56,58,-1,57,58,59,-1,59,58,60,-1,59,60,61,-1,61,60,62,-1,61,62,63,-1,63,62,64,-1,63,64,65,-1,65,64,66,-1,65,66,67,-1,67,66,68,-1,67,68,69,-1,69,68,70,-1,69,70,71,-1,71,70,72,-1,71,72,73,-1,73,72,74,-1,73,74,75,-1,75,74,76,-1,75,76,77,-1,77,76,78,-1,77,78,79,-1,79,78,80,-1,79,80,81,-1,81,80,82,-1,81,82,83,-1,83,82,84,-1,83,84,85,-1,85,84,86,-1,85,86,87,-1,87,86,88,-1,87,88,89,-1,89,88,90,-1,89,90,91,-1,91,90,92,-1,91,92,93,-1,93,92,94,-1,93,94,95,-1,95,94,96,-1,95,96,97,-1,97,96,98,-1,97,98,99,-1,99,98,100,-1,99,100,101,-1,101,100,102,-1,101,102,103,-1,103,102,104,-1,103,104,105,-1,105,104,106,-1,105,106,107,-1,107,106,108,-1,107,108,109,-1,109,108,110,-1,109,110,111,-1,111,110,112,-1,111,112,113,-1,113,112,114,-1,113,114,115,-1,116,115,117,-1,117,115,114,-1,116,117,118,-1,116,118,119,-1,119,118,120,-1,119,120,121,-1,121,120,122,-1,121,122,123,-1,123,122,124,-1,123,124,125,-1,125,124,126,-1,125,126,127,-1,127,126,128,-1,127,128,129,-1,129,128,130,-1,129,130,131,-1,131,130,132,-1,131,132,133,-1,133,132,134,-1,133,134,135,-1,135,134,136,-1,135,136,137,-1,137,136,138,-1,137,138,139,-1,139,138,140,-1,139,140,141,-1,141,140,142,-1,141,142,143,-1,143,142,144,-1,143,144,145,-1,145,144,146,-1,145,146,147,-1,147,146,148,-1,147,148,149,-1,149,148,150,-1,149,150,151,-1,151,150,152,-1,151,152,153,-1,153,152,154,-1,153,154,155,-1,155,154,156,-1,155,156,157,-1,157,156,158,-1,157,158,159,-1,159,158,160,-1,159,160,161,-1,161,160,162,-1,161,162,163,-1,163,162,164,-1,163,164,165,-1,165,164,166,-1,165,166,167,-1,167,166,168,-1,167,168,169,-1,169,168,170,-1,169,170,171,-1,171,170,172,-1,171,172,173,-1,173,172,174,-1,173,174,175,-1,175,174,176,-1,175,176,177,-1,177,176,178,-1,177,178,179,-1,179,178,180,-1,179,180,181,-1,181,180,182,-1,181,182,183,-1,183,182,184,-1,183,184,185,-1,185,184,186,-1,185,186,187,-1,187,186,188,-1,187,188,189,-1,189,188,190,-1,189,190,191,-1,191,190,192,-1,191,192,193,-1,193,192,194,-1,193,194,195,-1,195,194,196,-1,195,196,197,-1,197,196,13,-1,197,13,12,-1,113,115,116,-1,57,177,179,-1,33,21,31,-1,31,21,23,-1,31,23,29,-1,29,23,25,-1,29,25,26,-1,57,179,55,-1,55,179,181,-1,55,181,53,-1,53,181,183,-1,53,183,51,-1,51,183,185,-1,51,185,49,-1,49,185,187,-1,49,187,47,-1,187,189,47,-1,47,189,191,-1,47,191,45,-1,45,191,193,-1,45,193,43,-1,43,193,195,-1,43,195,41,-1,41,195,197,-1,41,197,39,-1,39,197,12,-1,39,12,37,-1,37,12,15,-1,37,15,35,-1,35,15,17,-1,35,17,33,-1,33,17,19,-1,33,19,21,-1,89,143,87,-1,87,143,145,-1,87,145,85,-1,85,145,147,-1,85,147,83,-1,83,147,149,-1,83,149,81,-1,81,149,151,-1,81,151,79,-1,79,151,153,-1,79,153,77,-1,77,153,155,-1,77,155,75,-1,113,116,111,-1,111,116,119,-1,111,119,109,-1,109,119,121,-1,109,121,107,-1,107,121,123,-1,107,123,105,-1,105,123,125,-1,105,125,103,-1,103,125,127,-1,103,127,101,-1,101,127,129,-1,101,129,99,-1,99,129,131,-1,99,131,97,-1,97,131,133,-1,97,133,95,-1,95,133,135,-1,95,135,93,-1,93,135,137,-1,93,137,91,-1,91,137,139,-1,91,139,89,-1,89,139,141,-1,89,141,143,-1,177,57,175,-1,175,57,59,-1,175,59,173,-1,173,59,61,-1,173,61,171,-1,171,61,63,-1,171,63,169,-1,169,63,65,-1,169,65,167,-1,167,65,165,-1,165,65,67,-1,165,67,163,-1,155,157,75,-1,75,157,159,-1,75,159,73,-1,73,159,161,-1,73,161,71,-1,71,161,163,-1,71,163,69,-1,69,163,67,-1,28,27,24,-1,28,24,30,-1,44,190,46,-1,46,190,188,-1,46,188,48,-1,48,188,186,-1,48,186,50,-1,50,186,184,-1,50,184,52,-1,52,184,182,-1,52,182,54,-1,114,112,117,-1,117,112,110,-1,117,110,118,-1,118,110,108,-1,182,180,54,-1,54,180,178,-1,54,178,56,-1,56,178,176,-1,56,176,58,-1,58,176,174,-1,58,174,60,-1,60,174,172,-1,60,172,62,-1,24,22,30,-1,30,22,20,-1,30,20,32,-1,32,20,18,-1,32,18,34,-1,34,18,16,-1,34,16,36,-1,36,16,14,-1,36,14,38,-1,38,14,13,-1,38,13,40,-1,40,13,196,-1,40,196,42,-1,42,196,194,-1,42,194,44,-1,44,194,192,-1,44,192,190,-1,82,146,84,-1,84,146,144,-1,84,144,86,-1,86,144,142,-1,86,142,88,-1,88,142,140,-1,88,140,90,-1,90,140,138,-1,90,138,92,-1,92,138,136,-1,92,136,94,-1,94,136,134,-1,94,134,96,-1,96,134,132,-1,96,132,98,-1,98,132,130,-1,98,130,100,-1,100,130,128,-1,100,128,102,-1,102,128,126,-1,102,126,104,-1,104,126,124,-1,104,124,106,-1,106,124,122,-1,106,122,108,-1,108,122,120,-1,108,120,118,-1,162,160,72,-1,72,160,158,-1,72,158,74,-1,74,158,156,-1,74,156,76,-1,76,156,154,-1,76,154,78,-1,78,154,152,-1,78,152,80,-1,80,152,150,-1,80,150,82,-1,82,150,148,-1,82,148,146,-1,172,170,62,-1,62,170,168,-1,62,168,64,-1,64,168,166,-1,64,166,66,-1,66,166,164,-1,66,164,68,-1,68,164,162,-1,68,162,70,-1,70,162,72,-1,198,199,200,-1,200,199,201,-1,202,198,203,-1,203,198,200,-1,204,202,205,-1,205,202,203,-1,206,204,207,-1,207,204,205,-1,208,206,209,-1,209,206,207,-1,210,208,211,-1,211,208,209,-1,212,210,213,-1,213,210,211,-1,214,212,215,-1,215,212,213,-1,216,214,217,-1,217,214,215,-1,218,216,219,-1,219,216,217,-1,220,218,221,-1,221,218,219,-1,199,220,201,-1,201,220,221,-1,199,198,220,-1,220,198,202,-1,206,208,204,-1,204,208,210,-1,214,216,212,-1,212,216,218,-1,212,218,210,-1,210,218,220,-1,210,220,204,-1,204,220,202,-1,219,217,215,-1,215,213,219,-1,219,213,211,-1,219,211,221,-1,200,201,203,-1,203,201,221,-1,203,221,205,-1,205,221,211,-1,205,211,207,-1,207,211,209,-1,222,223,224,-1,224,223,225,-1,224,225,226,-1,226,225,227,-1,226,227,228,-1,228,227,229,-1,228,229,230,-1,230,229,231,-1,230,231,232,-1,232,231,233,-1,232,233,234,-1,234,233,235,-1,234,235,236,-1,236,235,237,-1,236,237,238,-1,239,240,241,-1,241,240,242,-1,241,242,243,-1,243,242,244,-1,243,244,245,-1,245,244,246,-1,245,246,247,-1,246,248,247,-1,247,248,249,-1,247,249,250,-1,250,249,251,-1,250,251,252,-1,252,251,253,-1,252,253,254,-1,254,253,255,-1,254,255,256,-1,256,255,257,-1,256,257,258,-1,258,257,259,-1,258,259,260,-1,260,259,261,-1,260,261,262,-1,262,261,263,-1,262,263,264,-1,264,263,265,-1,264,265,266,-1,266,265,267,-1,266,267,268,-1,268,267,269,-1,268,269,270,-1,270,269,271,-1,270,271,272,-1,272,271,273,-1,272,273,274,-1,274,273,275,-1,274,275,276,-1,276,275,277,-1,276,277,278,-1,278,277,279,-1,278,279,280,-1,280,279,281,-1,280,281,222,-1,222,281,282,-1,222,282,223,-1,237,283,238,-1,238,283,284,-1,238,284,285,-1,285,284,286,-1,285,286,287,-1,287,286,288,-1,287,288,289,-1,289,288,290,-1,289,290,291,-1,291,290,292,-1,291,292,293,-1,293,292,294,-1,293,294,239,-1,239,294,295,-1,239,295,240,-1,296,297,298,-1,298,297,299,-1,298,299,300,-1,300,299,301,-1,300,301,302,-1,302,301,303,-1,302,303,304,-1,304,303,305,-1,304,305,306,-1,306,305,307,-1,306,307,308,-1,309,310,311,-1,311,310,312,-1,311,312,313,-1,313,312,314,-1,313,314,315,-1,315,314,316,-1,315,316,317,-1,317,316,318,-1,317,318,319,-1,319,318,320,-1,319,320,321,-1,321,320,322,-1,321,322,323,-1,323,322,324,-1,323,324,325,-1,325,324,326,-1,325,326,327,-1,327,326,328,-1,327,328,329,-1,329,328,330,-1,329,330,331,-1,331,330,332,-1,331,332,333,-1,333,332,334,-1,333,334,335,-1,335,334,336,-1,335,336,337,-1,337,336,338,-1,337,338,296,-1,296,338,339,-1,296,339,297,-1,340,341,342,-1,342,341,343,-1,342,343,344,-1,344,343,345,-1,344,345,346,-1,346,345,347,-1,346,347,348,-1,348,347,349,-1,348,349,350,-1,350,349,351,-1,350,351,352,-1,352,351,353,-1,352,353,354,-1,354,353,355,-1,354,355,309,-1,309,355,356,-1,309,356,310,-1,307,357,308,-1,308,357,358,-1,308,358,359,-1,359,358,360,-1,359,360,361,-1,361,360,362,-1,361,362,363,-1,363,362,364,-1,363,364,365,-1,365,364,366,-1,365,366,367,-1,367,366,368,-1,367,368,340,-1,340,368,369,-1,340,369,341,-1,275,273,320,-1,320,273,322,-1,275,320,318,-1,275,318,277,-1,277,318,316,-1,277,316,279,-1,279,316,314,-1,279,314,281,-1,281,314,312,-1,281,312,282,-1,282,312,310,-1,282,310,223,-1,223,310,356,-1,223,356,225,-1,225,356,355,-1,225,355,227,-1,227,355,353,-1,227,353,229,-1,229,353,351,-1,229,351,231,-1,231,351,349,-1,231,349,233,-1,233,349,347,-1,233,347,235,-1,235,347,345,-1,235,345,237,-1,237,345,343,-1,237,343,283,-1,283,343,341,-1,283,341,284,-1,284,341,369,-1,284,369,286,-1,286,369,368,-1,286,368,288,-1,288,368,366,-1,288,366,290,-1,290,366,364,-1,290,364,292,-1,292,364,362,-1,292,362,294,-1,294,362,360,-1,294,360,295,-1,295,360,358,-1,295,358,240,-1,240,358,357,-1,240,357,242,-1,242,357,307,-1,242,307,244,-1,244,307,305,-1,244,305,246,-1,246,305,303,-1,246,303,248,-1,248,303,301,-1,248,301,249,-1,249,301,299,-1,249,299,251,-1,251,299,297,-1,251,297,253,-1,253,297,339,-1,253,339,255,-1,255,339,338,-1,255,338,257,-1,257,338,336,-1,257,336,259,-1,259,336,334,-1,259,334,261,-1,261,334,332,-1,261,332,263,-1,263,332,330,-1,263,330,265,-1,265,330,328,-1,265,328,267,-1,267,328,326,-1,267,326,269,-1,271,269,324,-1,324,269,326,-1,273,271,322,-1,322,271,324,-1,268,270,325,-1,325,270,323,-1,270,272,323,-1,323,272,321,-1,272,274,321,-1,321,274,319,-1,230,350,352,-1,230,352,228,-1,228,352,354,-1,228,354,226,-1,226,354,309,-1,226,309,224,-1,224,309,311,-1,224,311,222,-1,222,311,313,-1,222,313,280,-1,280,313,315,-1,280,315,278,-1,278,315,317,-1,278,317,276,-1,276,317,319,-1,276,319,274,-1,291,363,365,-1,291,365,289,-1,289,365,367,-1,289,367,287,-1,287,367,340,-1,287,340,285,-1,285,340,342,-1,285,342,238,-1,238,342,344,-1,238,344,236,-1,236,344,346,-1,236,346,234,-1,234,346,348,-1,234,348,232,-1,232,348,350,-1,232,350,230,-1,252,298,300,-1,252,300,250,-1,250,300,302,-1,250,302,247,-1,247,302,304,-1,247,304,245,-1,245,304,306,-1,245,306,243,-1,243,306,308,-1,243,308,241,-1,241,308,359,-1,241,359,239,-1,239,359,361,-1,239,361,293,-1,293,361,363,-1,293,363,291,-1,268,325,327,-1,268,327,266,-1,266,327,329,-1,266,329,264,-1,264,329,331,-1,264,331,262,-1,262,331,333,-1,262,333,260,-1,260,333,335,-1,260,335,258,-1,258,335,337,-1,258,337,256,-1,256,337,296,-1,256,296,254,-1,254,296,298,-1,254,298,252,-1,370,371,372,-1,373,374,375,-1,371,376,372,-1,372,376,377,-1,372,377,378,-1,378,377,379,-1,378,379,380,-1,380,381,378,-1,378,381,382,-1,378,382,383,-1,384,383,385,-1,385,383,382,-1,385,382,375,-1,375,382,370,-1,375,370,373,-1,373,370,372,-1,386,387,388,-1,388,387,389,-1,390,391,389,-1,389,391,392,-1,389,392,388,-1,388,392,393,-1,390,394,391,-1,391,394,395,-1,391,395,396,-1,396,395,397,-1,396,397,398,-1,398,399,396,-1,396,399,387,-1,396,387,400,-1,400,387,386,-1,400,386,401,-1,378,383,391,-1,391,383,392,-1,372,378,396,-1,396,378,391,-1,373,372,400,-1,400,372,396,-1,374,373,401,-1,401,373,400,-1,375,374,386,-1,386,374,401,-1,385,375,388,-1,388,375,386,-1,384,385,393,-1,393,385,388,-1,383,384,392,-1,392,384,393,-1,370,382,387,-1,387,382,389,-1,382,381,389,-1,389,381,390,-1,379,395,394,-1,379,394,380,-1,380,394,390,-1,380,390,381,-1,379,377,395,-1,395,377,397,-1,371,399,398,-1,371,398,376,-1,376,398,397,-1,376,397,377,-1,371,370,399,-1,399,370,387,-1,402,403,404,-1,404,403,405,-1,406,402,407,-1,407,402,404,-1,408,406,409,-1,409,406,407,-1,410,408,411,-1,411,408,409,-1,412,410,413,-1,413,410,411,-1,414,412,415,-1,415,412,413,-1,416,414,417,-1,417,414,415,-1,418,416,419,-1,419,416,417,-1,420,418,421,-1,421,418,419,-1,422,420,423,-1,423,420,421,-1,424,422,425,-1,425,422,423,-1,403,424,405,-1,405,424,425,-1,410,412,408,-1,408,412,414,-1,403,402,424,-1,424,402,406,-1,418,420,416,-1,416,420,422,-1,416,422,414,-1,414,422,424,-1,414,424,408,-1,408,424,406,-1,423,421,419,-1,419,417,423,-1,423,417,415,-1,423,415,425,-1,404,405,407,-1,407,405,425,-1,407,425,409,-1,409,425,415,-1,409,415,411,-1,411,415,413,-1,426,427,428,-1,428,427,429,-1,430,431,432,-1,432,431,433,-1,432,433,434,-1,434,433,435,-1,434,435,436,-1,437,438,439,-1,440,441,442,-1,443,444,445,-1,426,428,446,-1,446,428,447,-1,446,447,448,-1,449,450,451,-1,451,450,439,-1,451,439,452,-1,452,439,438,-1,453,454,455,-1,455,454,456,-1,455,456,430,-1,430,456,457,-1,430,457,431,-1,443,458,444,-1,444,458,459,-1,444,459,460,-1,460,459,461,-1,460,461,462,-1,448,463,446,-1,446,463,464,-1,446,464,465,-1,465,464,466,-1,465,466,445,-1,445,466,467,-1,445,467,443,-1,468,469,470,-1,470,469,471,-1,470,471,453,-1,453,471,472,-1,453,472,454,-1,473,474,475,-1,475,474,476,-1,475,476,477,-1,477,476,478,-1,477,478,479,-1,442,480,440,-1,440,480,481,-1,440,481,473,-1,473,481,482,-1,473,482,474,-1,483,484,485,-1,485,484,486,-1,485,486,441,-1,441,486,487,-1,441,487,442,-1,488,489,439,-1,439,489,490,-1,439,490,437,-1,491,488,468,-1,468,488,492,-1,468,492,469,-1,429,489,428,-1,428,489,488,-1,428,488,493,-1,493,488,491,-1,461,494,462,-1,462,494,495,-1,462,495,496,-1,496,495,497,-1,496,497,498,-1,435,499,436,-1,436,499,500,-1,436,500,501,-1,501,500,502,-1,501,502,503,-1,503,502,504,-1,503,504,505,-1,505,504,506,-1,505,506,507,-1,507,506,508,-1,507,508,509,-1,509,508,510,-1,509,510,511,-1,511,510,512,-1,511,512,513,-1,513,512,514,-1,513,514,515,-1,515,514,516,-1,515,516,517,-1,517,516,518,-1,517,518,519,-1,452,520,451,-1,451,520,521,-1,451,521,522,-1,522,521,523,-1,522,523,524,-1,525,526,527,-1,527,526,528,-1,527,528,529,-1,529,528,530,-1,529,530,531,-1,497,532,498,-1,498,532,533,-1,498,533,483,-1,483,533,534,-1,483,534,484,-1,530,535,531,-1,531,535,536,-1,531,536,537,-1,537,536,538,-1,537,538,539,-1,539,538,524,-1,539,524,540,-1,540,524,523,-1,478,541,479,-1,479,541,542,-1,479,542,543,-1,543,542,544,-1,543,544,545,-1,545,544,546,-1,545,546,525,-1,525,546,547,-1,525,547,526,-1,548,549,550,-1,551,552,553,-1,553,552,554,-1,553,554,555,-1,556,557,558,-1,558,557,559,-1,558,559,560,-1,561,562,563,-1,564,565,566,-1,566,565,567,-1,566,567,568,-1,568,567,569,-1,568,569,570,-1,570,569,571,-1,570,571,572,-1,554,573,555,-1,555,573,574,-1,555,574,575,-1,575,574,576,-1,575,576,577,-1,578,579,580,-1,580,579,581,-1,580,581,582,-1,582,581,583,-1,582,583,551,-1,551,583,584,-1,551,584,552,-1,585,561,586,-1,586,561,563,-1,586,563,587,-1,587,563,588,-1,589,590,591,-1,591,590,592,-1,591,592,593,-1,593,592,594,-1,593,594,595,-1,595,594,596,-1,595,596,597,-1,597,596,598,-1,599,600,589,-1,589,600,601,-1,589,601,590,-1,602,603,556,-1,556,603,604,-1,556,604,557,-1,605,606,602,-1,602,606,607,-1,602,607,603,-1,566,608,564,-1,564,608,609,-1,564,609,610,-1,610,609,611,-1,610,611,586,-1,586,611,612,-1,586,612,585,-1,613,614,599,-1,599,614,615,-1,599,615,600,-1,616,617,618,-1,618,617,563,-1,618,563,619,-1,619,563,562,-1,559,620,560,-1,560,620,621,-1,560,621,622,-1,623,624,625,-1,625,624,626,-1,625,626,627,-1,627,626,628,-1,627,628,605,-1,605,628,629,-1,605,629,606,-1,571,630,572,-1,572,630,631,-1,572,631,632,-1,632,631,633,-1,632,633,634,-1,634,633,635,-1,634,635,623,-1,623,635,636,-1,623,636,624,-1,576,637,577,-1,577,637,638,-1,577,638,639,-1,639,638,640,-1,639,640,641,-1,641,640,617,-1,641,617,642,-1,642,617,643,-1,643,617,616,-1,643,616,598,-1,598,616,644,-1,598,644,597,-1,645,646,647,-1,647,646,648,-1,647,648,613,-1,613,648,649,-1,613,649,614,-1,621,650,622,-1,622,650,651,-1,622,651,652,-1,652,651,653,-1,652,653,645,-1,645,653,654,-1,645,654,646,-1,548,550,655,-1,655,550,656,-1,655,656,657,-1,657,656,658,-1,657,658,659,-1,659,658,660,-1,659,660,661,-1,661,660,662,-1,661,662,663,-1,663,662,664,-1,663,664,665,-1,665,664,666,-1,665,666,667,-1,667,666,668,-1,667,668,578,-1,578,668,669,-1,578,669,579,-1,504,668,666,-1,504,666,506,-1,506,666,664,-1,506,664,508,-1,508,664,662,-1,508,662,510,-1,510,662,660,-1,510,660,512,-1,512,660,658,-1,512,658,514,-1,514,658,656,-1,514,656,516,-1,516,656,550,-1,516,550,518,-1,519,518,549,-1,549,518,550,-1,519,549,548,-1,519,548,517,-1,517,548,655,-1,517,655,515,-1,515,655,657,-1,515,657,513,-1,513,657,659,-1,513,659,511,-1,511,659,661,-1,511,661,509,-1,509,661,663,-1,509,663,507,-1,507,663,665,-1,507,665,505,-1,505,665,667,-1,505,667,503,-1,503,667,578,-1,503,578,501,-1,501,578,580,-1,501,580,436,-1,436,580,582,-1,436,582,434,-1,434,582,551,-1,434,551,432,-1,432,551,553,-1,432,553,430,-1,430,553,555,-1,430,555,455,-1,455,555,575,-1,455,575,453,-1,453,575,577,-1,453,577,470,-1,470,577,639,-1,470,639,468,-1,468,639,641,-1,468,641,491,-1,491,641,642,-1,491,642,493,-1,493,642,643,-1,493,643,428,-1,447,428,598,-1,598,428,643,-1,447,598,596,-1,447,596,448,-1,448,596,594,-1,448,594,463,-1,463,594,592,-1,463,592,464,-1,464,592,590,-1,464,590,466,-1,466,590,601,-1,466,601,467,-1,467,601,600,-1,467,600,443,-1,443,600,615,-1,443,615,458,-1,458,615,614,-1,458,614,459,-1,459,614,649,-1,459,649,461,-1,461,649,648,-1,461,648,494,-1,494,648,646,-1,494,646,495,-1,495,646,654,-1,495,654,497,-1,497,654,653,-1,497,653,532,-1,532,653,651,-1,532,651,533,-1,533,651,650,-1,533,650,534,-1,534,650,621,-1,534,621,484,-1,484,621,620,-1,484,620,486,-1,486,620,559,-1,486,559,487,-1,487,559,557,-1,487,557,442,-1,442,557,604,-1,442,604,480,-1,480,604,603,-1,480,603,481,-1,481,603,607,-1,481,607,482,-1,482,607,606,-1,482,606,474,-1,474,606,629,-1,474,629,476,-1,476,629,628,-1,476,628,478,-1,478,628,626,-1,478,626,541,-1,541,626,624,-1,541,624,542,-1,542,624,636,-1,542,636,544,-1,544,636,635,-1,544,635,546,-1,546,635,633,-1,546,633,547,-1,547,633,631,-1,547,631,526,-1,526,631,630,-1,526,630,528,-1,528,630,571,-1,528,571,530,-1,530,571,569,-1,530,569,535,-1,535,569,567,-1,535,567,536,-1,536,567,565,-1,536,565,538,-1,538,565,564,-1,538,564,524,-1,524,564,610,-1,524,610,522,-1,451,522,586,-1,586,522,610,-1,449,451,587,-1,587,451,586,-1,450,449,588,-1,588,449,587,-1,439,450,563,-1,563,450,588,-1,439,563,617,-1,439,617,488,-1,488,617,640,-1,488,640,492,-1,492,640,638,-1,492,638,469,-1,469,638,637,-1,469,637,471,-1,471,637,576,-1,471,576,472,-1,472,576,574,-1,472,574,454,-1,454,574,573,-1,454,573,456,-1,456,573,554,-1,456,554,457,-1,457,554,552,-1,457,552,431,-1,431,552,584,-1,431,584,433,-1,433,584,583,-1,433,583,435,-1,435,583,581,-1,435,581,499,-1,499,581,579,-1,499,579,500,-1,500,579,669,-1,500,669,502,-1,502,669,668,-1,502,668,504,-1,445,589,591,-1,445,591,465,-1,465,591,593,-1,465,593,446,-1,446,593,595,-1,446,595,426,-1,426,595,597,-1,426,597,427,-1,427,597,644,-1,427,644,429,-1,498,652,645,-1,498,645,496,-1,496,645,647,-1,496,647,462,-1,462,647,613,-1,462,613,460,-1,460,613,599,-1,460,599,444,-1,444,599,589,-1,444,589,445,-1,473,602,556,-1,473,556,440,-1,440,556,558,-1,440,558,441,-1,441,558,560,-1,441,560,485,-1,485,560,622,-1,485,622,483,-1,483,622,652,-1,483,652,498,-1,545,634,623,-1,545,623,543,-1,543,623,625,-1,543,625,479,-1,479,625,627,-1,479,627,477,-1,477,627,605,-1,477,605,475,-1,475,605,602,-1,475,602,473,-1,540,609,608,-1,540,608,539,-1,539,608,566,-1,539,566,537,-1,537,566,568,-1,537,568,531,-1,531,568,570,-1,531,570,529,-1,529,570,572,-1,529,572,527,-1,527,572,632,-1,527,632,525,-1,525,632,634,-1,525,634,545,-1,490,618,619,-1,490,619,437,-1,437,619,562,-1,437,562,438,-1,438,562,561,-1,438,561,452,-1,452,561,585,-1,452,585,520,-1,520,585,612,-1,520,612,521,-1,521,612,611,-1,521,611,523,-1,523,611,609,-1,523,609,540,-1,490,489,618,-1,618,489,616,-1,489,429,616,-1,616,429,644,-1,670,671,672,-1,670,672,673,-1,673,672,674,-1,673,674,675,-1,675,674,676,-1,675,676,677,-1,677,676,678,-1,677,678,679,-1,679,678,680,-1,679,680,681,-1,681,680,682,-1,681,682,683,-1,683,682,684,-1,683,684,685,-1,686,685,687,-1,687,685,684,-1,686,687,688,-1,686,688,689,-1,689,688,690,-1,689,690,691,-1,691,690,692,-1,691,692,693,-1,693,692,694,-1,693,694,695,-1,695,694,696,-1,695,696,697,-1,697,696,698,-1,697,698,699,-1,699,698,700,-1,699,700,701,-1,701,700,702,-1,701,702,703,-1,703,702,704,-1,703,704,705,-1,705,704,706,-1,705,706,707,-1,707,706,708,-1,707,708,709,-1,709,708,710,-1,709,710,711,-1,711,710,712,-1,711,712,713,-1,713,712,714,-1,713,714,715,-1,715,714,716,-1,715,716,717,-1,717,716,718,-1,717,718,719,-1,719,718,720,-1,719,720,721,-1,721,720,722,-1,721,722,723,-1,723,722,724,-1,723,724,725,-1,725,724,726,-1,725,726,727,-1,727,726,728,-1,727,728,729,-1,729,728,730,-1,729,730,731,-1,731,730,732,-1,731,732,733,-1,733,732,734,-1,733,734,735,-1,735,734,736,-1,735,736,737,-1,737,736,738,-1,737,738,739,-1,739,738,740,-1,739,740,741,-1,741,740,742,-1,741,742,743,-1,743,742,744,-1,743,744,745,-1,745,744,746,-1,745,746,747,-1,747,746,748,-1,747,748,749,-1,749,748,750,-1,749,750,751,-1,751,750,752,-1,751,752,753,-1,753,752,754,-1,753,754,755,-1,755,754,756,-1,755,756,757,-1,757,756,758,-1,757,758,759,-1,759,758,760,-1,759,760,761,-1,761,760,762,-1,761,762,763,-1,763,762,764,-1,763,764,765,-1,765,764,766,-1,765,766,767,-1,767,766,768,-1,767,768,769,-1,769,768,770,-1,769,770,771,-1,771,770,772,-1,771,772,773,-1,773,772,774,-1,773,774,775,-1,775,774,776,-1,775,776,777,-1,777,776,778,-1,777,778,779,-1,779,778,780,-1,779,780,781,-1,781,780,782,-1,781,782,783,-1,783,782,784,-1,783,784,785,-1,785,784,786,-1,785,786,787,-1,787,786,788,-1,787,788,789,-1,789,788,790,-1,789,790,791,-1,791,790,792,-1,791,792,793,-1,793,792,794,-1,793,794,795,-1,795,794,796,-1,795,796,797,-1,797,796,798,-1,797,798,799,-1,799,798,800,-1,799,800,801,-1,801,800,802,-1,801,802,803,-1,803,802,804,-1,803,804,805,-1,806,805,807,-1,807,805,804,-1,806,807,808,-1,806,808,809,-1,809,808,810,-1,809,810,811,-1,811,810,812,-1,811,812,813,-1,813,812,814,-1,813,814,815,-1,815,814,816,-1,815,816,817,-1,817,816,818,-1,817,818,819,-1,819,818,820,-1,819,820,821,-1,821,820,822,-1,821,822,823,-1,823,822,824,-1,823,824,825,-1,825,824,826,-1,825,826,827,-1,827,826,828,-1,827,828,829,-1,829,828,830,-1,829,830,831,-1,831,830,832,-1,831,832,833,-1,833,832,834,-1,833,834,835,-1,835,834,836,-1,835,836,837,-1,837,836,838,-1,837,838,839,-1,839,838,840,-1,839,840,841,-1,841,840,842,-1,841,842,843,-1,843,842,844,-1,843,844,845,-1,845,844,846,-1,845,846,847,-1,847,846,848,-1,847,848,849,-1,849,848,850,-1,849,850,851,-1,851,850,852,-1,851,852,853,-1,853,852,854,-1,853,854,855,-1,855,854,856,-1,855,856,857,-1,857,856,858,-1,857,858,859,-1,859,858,860,-1,859,860,861,-1,861,860,862,-1,861,862,863,-1,863,862,864,-1,863,864,865,-1,865,864,866,-1,865,866,867,-1,867,866,868,-1,867,868,869,-1,869,868,870,-1,869,870,871,-1,871,870,872,-1,871,872,873,-1,873,872,874,-1,873,874,875,-1,875,874,876,-1,875,876,877,-1,877,876,878,-1,877,878,879,-1,879,878,880,-1,879,880,881,-1,881,880,882,-1,881,882,883,-1,883,882,884,-1,883,884,885,-1,885,884,886,-1,885,886,887,-1,887,886,888,-1,887,888,889,-1,889,888,890,-1,889,890,891,-1,891,890,892,-1,891,892,893,-1,893,892,894,-1,893,894,895,-1,895,894,896,-1,895,896,897,-1,897,896,898,-1,897,898,899,-1,899,898,900,-1,899,900,901,-1,901,900,902,-1,901,902,903,-1,903,902,904,-1,903,904,905,-1,905,904,906,-1,905,906,907,-1,907,906,671,-1,907,671,670,-1,683,685,686,-1,803,805,806,-1,713,715,897,-1,897,715,895,-1,777,837,775,-1,775,837,839,-1,775,839,773,-1,715,717,895,-1,895,717,719,-1,895,719,893,-1,779,833,777,-1,777,833,835,-1,777,835,837,-1,713,897,711,-1,711,897,899,-1,711,899,709,-1,709,899,901,-1,709,901,707,-1,707,901,903,-1,707,903,705,-1,855,765,853,-1,853,765,767,-1,737,883,735,-1,735,883,885,-1,839,841,773,-1,773,841,843,-1,773,843,771,-1,843,845,771,-1,771,845,847,-1,771,847,769,-1,769,847,849,-1,769,849,767,-1,767,849,851,-1,767,851,853,-1,855,857,765,-1,765,857,859,-1,765,859,763,-1,763,859,861,-1,763,861,761,-1,761,861,863,-1,761,863,759,-1,759,863,865,-1,759,865,757,-1,889,729,887,-1,887,729,731,-1,887,731,885,-1,885,731,733,-1,885,733,735,-1,719,721,893,-1,893,721,723,-1,893,723,891,-1,891,723,725,-1,891,725,889,-1,889,725,727,-1,889,727,729,-1,737,739,883,-1,883,739,741,-1,883,741,881,-1,881,741,743,-1,881,743,879,-1,879,743,745,-1,879,745,877,-1,877,745,747,-1,877,747,875,-1,705,903,703,-1,703,903,905,-1,703,905,701,-1,701,905,907,-1,701,907,699,-1,699,907,670,-1,699,670,697,-1,697,670,673,-1,697,673,695,-1,695,673,675,-1,695,675,693,-1,693,675,677,-1,693,677,691,-1,691,677,679,-1,691,679,689,-1,689,679,686,-1,686,679,681,-1,686,681,683,-1,747,749,875,-1,875,749,751,-1,875,751,873,-1,873,751,753,-1,873,753,871,-1,871,753,755,-1,871,755,869,-1,869,755,757,-1,869,757,867,-1,867,757,865,-1,803,806,801,-1,801,806,809,-1,801,809,799,-1,799,809,811,-1,799,811,797,-1,797,811,813,-1,797,813,795,-1,795,813,815,-1,795,815,793,-1,793,815,817,-1,793,817,791,-1,791,817,819,-1,791,819,789,-1,789,819,821,-1,789,821,787,-1,787,821,823,-1,787,823,785,-1,785,823,825,-1,785,825,783,-1,783,825,827,-1,783,827,781,-1,781,827,829,-1,781,829,779,-1,779,829,831,-1,779,831,833,-1,894,714,896,-1,896,714,712,-1,896,712,898,-1,898,712,710,-1,898,710,900,-1,776,774,836,-1,856,764,858,-1,858,764,762,-1,892,718,894,-1,894,718,716,-1,894,716,714,-1,886,884,732,-1,732,884,734,-1,734,884,882,-1,734,882,736,-1,856,854,764,-1,764,854,852,-1,764,852,766,-1,766,852,850,-1,766,850,768,-1,880,740,882,-1,882,740,738,-1,882,738,736,-1,770,842,772,-1,772,842,840,-1,772,840,774,-1,774,840,838,-1,774,838,836,-1,890,722,892,-1,892,722,720,-1,892,720,718,-1,850,848,768,-1,768,848,846,-1,768,846,770,-1,770,846,844,-1,770,844,842,-1,710,708,900,-1,900,708,706,-1,900,706,902,-1,902,706,704,-1,902,704,904,-1,904,704,702,-1,904,702,906,-1,906,702,700,-1,906,700,671,-1,671,700,698,-1,671,698,672,-1,672,698,696,-1,672,696,674,-1,674,696,694,-1,674,694,676,-1,732,730,886,-1,886,730,728,-1,886,728,888,-1,888,728,726,-1,888,726,890,-1,890,726,724,-1,890,724,722,-1,694,692,676,-1,676,692,690,-1,676,690,678,-1,678,690,688,-1,678,688,680,-1,680,688,687,-1,680,687,682,-1,682,687,684,-1,872,870,754,-1,754,870,868,-1,754,868,756,-1,756,868,866,-1,756,866,758,-1,758,866,864,-1,758,864,760,-1,760,864,862,-1,760,862,762,-1,762,862,860,-1,762,860,858,-1,836,834,776,-1,776,834,832,-1,776,832,778,-1,778,832,830,-1,778,830,780,-1,780,830,828,-1,780,828,782,-1,782,828,826,-1,782,826,784,-1,784,826,824,-1,784,824,786,-1,786,824,822,-1,786,822,788,-1,788,822,820,-1,788,820,790,-1,790,820,818,-1,790,818,792,-1,792,818,816,-1,792,816,794,-1,794,816,814,-1,794,814,796,-1,796,814,812,-1,796,812,798,-1,798,812,810,-1,798,810,800,-1,800,810,808,-1,800,808,802,-1,802,808,807,-1,802,807,804,-1,754,752,872,-1,872,752,750,-1,872,750,874,-1,874,750,748,-1,874,748,876,-1,876,748,746,-1,876,746,878,-1,878,746,744,-1,878,744,880,-1,880,744,742,-1,880,742,740,-1,908,909,910,-1,910,909,911,-1,912,908,913,-1,913,908,910,-1,912,913,914,-1,912,914,915,-1,915,914,916,-1,915,916,917,-1,918,917,919,-1,919,917,916,-1,920,918,921,-1,921,918,919,-1,922,920,923,-1,923,920,921,-1,924,922,925,-1,925,922,923,-1,926,924,927,-1,927,924,925,-1,928,926,929,-1,929,926,927,-1,928,929,930,-1,928,930,931,-1,931,930,932,-1,931,932,933,-1,933,932,934,-1,933,934,935,-1,935,934,936,-1,935,936,937,-1,937,936,938,-1,937,938,939,-1,939,938,940,-1,939,940,941,-1,941,940,942,-1,941,942,943,-1,943,942,944,-1,943,944,945,-1,945,944,946,-1,945,946,947,-1,947,946,948,-1,947,948,949,-1,950,949,951,-1,951,949,948,-1,950,951,952,-1,950,952,953,-1,953,952,954,-1,953,954,955,-1,955,954,956,-1,955,956,957,-1,957,956,958,-1,957,958,959,-1,959,958,960,-1,959,960,961,-1,961,960,962,-1,961,962,963,-1,963,962,964,-1,963,964,965,-1,965,964,966,-1,965,966,967,-1,967,966,968,-1,967,968,969,-1,969,968,970,-1,969,970,971,-1,971,970,972,-1,971,972,973,-1,973,972,974,-1,973,974,975,-1,975,974,976,-1,975,976,977,-1,977,976,978,-1,977,978,979,-1,909,979,911,-1,911,979,978,-1,915,917,979,-1,909,908,979,-1,979,908,912,-1,979,912,915,-1,922,924,920,-1,920,924,926,-1,920,926,918,-1,933,935,967,-1,967,935,965,-1,965,935,937,-1,965,937,963,-1,963,937,939,-1,963,939,961,-1,961,939,959,-1,959,939,941,-1,959,941,957,-1,957,941,943,-1,957,943,955,-1,967,969,933,-1,933,969,971,-1,933,971,931,-1,931,971,973,-1,931,973,928,-1,955,943,953,-1,953,943,945,-1,953,945,950,-1,950,945,947,-1,950,947,949,-1,973,975,928,-1,928,975,977,-1,928,977,926,-1,926,977,979,-1,926,979,918,-1,918,979,917,-1,940,938,960,-1,927,925,923,-1,910,911,913,-1,913,911,978,-1,960,938,962,-1,962,938,936,-1,962,936,964,-1,960,958,940,-1,940,958,956,-1,940,956,942,-1,942,956,954,-1,942,954,944,-1,944,954,952,-1,944,952,946,-1,946,952,951,-1,946,951,948,-1,964,936,966,-1,966,936,934,-1,966,934,968,-1,968,934,932,-1,968,932,970,-1,970,932,930,-1,970,930,972,-1,972,930,974,-1,974,930,929,-1,974,929,976,-1,919,916,978,-1,978,916,914,-1,978,914,913,-1,923,921,927,-1,927,921,919,-1,927,919,929,-1,929,919,978,-1,929,978,976,-1,980,981,982,-1,982,981,983,-1,984,980,985,-1,985,980,982,-1,986,984,987,-1,987,984,985,-1,988,986,989,-1,989,986,987,-1,990,988,991,-1,991,988,989,-1,992,990,993,-1,993,990,991,-1,994,992,995,-1,995,992,993,-1,996,994,997,-1,997,994,995,-1,998,996,999,-1,999,996,997,-1,1000,998,1001,-1,1001,998,999,-1,1002,1000,1003,-1,1003,1000,1001,-1,981,1002,983,-1,983,1002,1003,-1,1002,981,980,-1,980,984,1002,-1,1002,984,986,-1,1002,986,1000,-1,996,998,994,-1,994,998,1000,-1,994,1000,992,-1,992,1000,986,-1,992,986,990,-1,990,986,988,-1,991,989,993,-1,993,989,987,-1,999,997,1001,-1,1001,997,995,-1,982,983,985,-1,985,983,1003,-1,985,1003,987,-1,987,1003,1001,-1,987,1001,993,-1,993,1001,995,-1,1004,1005,1006,-1,1006,1005,1007,-1,1006,1007,1008,-1,1008,1007,1009,-1,1008,1009,1010,-1,1010,1009,1011,-1,1010,1011,1012,-1,1012,1011,1013,-1,1012,1013,1014,-1,1014,1013,1015,-1,1014,1015,1016,-1,1016,1015,1017,-1,1016,1017,1018,-1,1018,1017,1019,-1,1018,1019,1020,-1,1021,1022,1023,-1,1023,1022,1024,-1,1023,1024,1025,-1,1025,1024,1026,-1,1025,1026,1027,-1,1027,1026,1028,-1,1027,1028,1029,-1,1028,1030,1029,-1,1029,1030,1031,-1,1029,1031,1032,-1,1032,1031,1033,-1,1032,1033,1034,-1,1034,1033,1035,-1,1034,1035,1036,-1,1036,1035,1037,-1,1036,1037,1038,-1,1038,1037,1039,-1,1038,1039,1040,-1,1040,1039,1041,-1,1040,1041,1042,-1,1042,1041,1043,-1,1042,1043,1044,-1,1044,1043,1045,-1,1044,1045,1046,-1,1046,1045,1047,-1,1046,1047,1048,-1,1048,1047,1049,-1,1048,1049,1050,-1,1050,1049,1051,-1,1050,1051,1052,-1,1052,1051,1053,-1,1052,1053,1054,-1,1054,1053,1055,-1,1054,1055,1056,-1,1056,1055,1057,-1,1056,1057,1058,-1,1058,1057,1059,-1,1058,1059,1060,-1,1060,1059,1061,-1,1060,1061,1062,-1,1062,1061,1063,-1,1062,1063,1004,-1,1004,1063,1064,-1,1004,1064,1005,-1,1019,1065,1020,-1,1020,1065,1066,-1,1020,1066,1067,-1,1067,1066,1068,-1,1067,1068,1069,-1,1069,1068,1070,-1,1069,1070,1071,-1,1071,1070,1072,-1,1071,1072,1073,-1,1073,1072,1074,-1,1073,1074,1075,-1,1075,1074,1076,-1,1075,1076,1021,-1,1021,1076,1077,-1,1021,1077,1022,-1,1078,1079,1080,-1,1080,1079,1081,-1,1080,1081,1082,-1,1082,1081,1083,-1,1082,1083,1084,-1,1084,1083,1085,-1,1084,1085,1086,-1,1086,1085,1087,-1,1086,1087,1088,-1,1088,1087,1089,-1,1088,1089,1090,-1,1091,1092,1093,-1,1093,1092,1094,-1,1093,1094,1095,-1,1095,1094,1096,-1,1095,1096,1097,-1,1097,1096,1098,-1,1097,1098,1099,-1,1099,1098,1100,-1,1099,1100,1101,-1,1101,1100,1102,-1,1101,1102,1103,-1,1103,1102,1104,-1,1103,1104,1105,-1,1105,1104,1106,-1,1105,1106,1107,-1,1107,1106,1108,-1,1107,1108,1109,-1,1109,1108,1110,-1,1109,1110,1111,-1,1111,1110,1112,-1,1111,1112,1113,-1,1113,1112,1114,-1,1113,1114,1115,-1,1115,1114,1116,-1,1115,1116,1117,-1,1117,1116,1118,-1,1117,1118,1119,-1,1119,1118,1120,-1,1119,1120,1078,-1,1078,1120,1121,-1,1078,1121,1079,-1,1122,1123,1124,-1,1124,1123,1125,-1,1124,1125,1126,-1,1126,1125,1127,-1,1126,1127,1128,-1,1128,1127,1129,-1,1128,1129,1130,-1,1130,1129,1131,-1,1130,1131,1132,-1,1132,1131,1133,-1,1132,1133,1134,-1,1134,1133,1135,-1,1134,1135,1136,-1,1136,1135,1137,-1,1136,1137,1091,-1,1091,1137,1138,-1,1091,1138,1092,-1,1089,1139,1090,-1,1090,1139,1140,-1,1090,1140,1141,-1,1141,1140,1142,-1,1141,1142,1143,-1,1143,1142,1144,-1,1143,1144,1145,-1,1145,1144,1146,-1,1145,1146,1147,-1,1147,1146,1148,-1,1147,1148,1149,-1,1149,1148,1150,-1,1149,1150,1122,-1,1122,1150,1151,-1,1122,1151,1123,-1,1057,1055,1102,-1,1102,1055,1104,-1,1057,1102,1100,-1,1057,1100,1059,-1,1059,1100,1098,-1,1059,1098,1061,-1,1061,1098,1096,-1,1061,1096,1063,-1,1063,1096,1094,-1,1063,1094,1064,-1,1064,1094,1092,-1,1064,1092,1005,-1,1005,1092,1138,-1,1005,1138,1007,-1,1007,1138,1137,-1,1007,1137,1009,-1,1009,1137,1135,-1,1009,1135,1011,-1,1011,1135,1133,-1,1011,1133,1013,-1,1013,1133,1131,-1,1013,1131,1015,-1,1015,1131,1129,-1,1015,1129,1017,-1,1017,1129,1127,-1,1017,1127,1019,-1,1019,1127,1125,-1,1019,1125,1065,-1,1065,1125,1123,-1,1065,1123,1066,-1,1066,1123,1151,-1,1066,1151,1068,-1,1068,1151,1150,-1,1068,1150,1070,-1,1070,1150,1148,-1,1070,1148,1072,-1,1072,1148,1146,-1,1072,1146,1074,-1,1074,1146,1144,-1,1074,1144,1076,-1,1076,1144,1142,-1,1076,1142,1077,-1,1077,1142,1140,-1,1077,1140,1022,-1,1022,1140,1139,-1,1022,1139,1024,-1,1024,1139,1089,-1,1024,1089,1026,-1,1026,1089,1087,-1,1026,1087,1028,-1,1028,1087,1085,-1,1028,1085,1030,-1,1030,1085,1083,-1,1030,1083,1031,-1,1031,1083,1081,-1,1031,1081,1033,-1,1033,1081,1079,-1,1033,1079,1035,-1,1035,1079,1121,-1,1035,1121,1037,-1,1037,1121,1120,-1,1037,1120,1039,-1,1039,1120,1118,-1,1039,1118,1041,-1,1041,1118,1116,-1,1041,1116,1043,-1,1043,1116,1114,-1,1043,1114,1045,-1,1045,1114,1112,-1,1045,1112,1047,-1,1047,1112,1110,-1,1047,1110,1049,-1,1049,1110,1108,-1,1049,1108,1051,-1,1053,1051,1106,-1,1106,1051,1108,-1,1055,1053,1104,-1,1104,1053,1106,-1,1050,1052,1107,-1,1107,1052,1105,-1,1052,1054,1105,-1,1105,1054,1103,-1,1054,1056,1103,-1,1103,1056,1101,-1,1012,1132,1134,-1,1012,1134,1010,-1,1010,1134,1136,-1,1010,1136,1008,-1,1008,1136,1091,-1,1008,1091,1006,-1,1006,1091,1093,-1,1006,1093,1004,-1,1004,1093,1095,-1,1004,1095,1062,-1,1062,1095,1097,-1,1062,1097,1060,-1,1060,1097,1099,-1,1060,1099,1058,-1,1058,1099,1101,-1,1058,1101,1056,-1,1073,1145,1147,-1,1073,1147,1071,-1,1071,1147,1149,-1,1071,1149,1069,-1,1069,1149,1122,-1,1069,1122,1067,-1,1067,1122,1124,-1,1067,1124,1020,-1,1020,1124,1126,-1,1020,1126,1018,-1,1018,1126,1128,-1,1018,1128,1016,-1,1016,1128,1130,-1,1016,1130,1014,-1,1014,1130,1132,-1,1014,1132,1012,-1,1034,1080,1082,-1,1034,1082,1032,-1,1032,1082,1084,-1,1032,1084,1029,-1,1029,1084,1086,-1,1029,1086,1027,-1,1027,1086,1088,-1,1027,1088,1025,-1,1025,1088,1090,-1,1025,1090,1023,-1,1023,1090,1141,-1,1023,1141,1021,-1,1021,1141,1143,-1,1021,1143,1075,-1,1075,1143,1145,-1,1075,1145,1073,-1,1050,1107,1109,-1,1050,1109,1048,-1,1048,1109,1111,-1,1048,1111,1046,-1,1046,1111,1113,-1,1046,1113,1044,-1,1044,1113,1115,-1,1044,1115,1042,-1,1042,1115,1117,-1,1042,1117,1040,-1,1040,1117,1119,-1,1040,1119,1038,-1,1038,1119,1078,-1,1038,1078,1036,-1,1036,1078,1080,-1,1036,1080,1034,-1,1152,1153,1154,-1,1155,1156,1157,-1,1153,1158,1154,-1,1154,1158,1159,-1,1154,1159,1160,-1,1160,1159,1161,-1,1160,1161,1162,-1,1162,1163,1160,-1,1160,1163,1164,-1,1160,1164,1165,-1,1166,1165,1167,-1,1167,1165,1164,-1,1167,1164,1157,-1,1157,1164,1152,-1,1157,1152,1155,-1,1155,1152,1154,-1,1168,1169,1170,-1,1170,1169,1171,-1,1172,1173,1171,-1,1171,1173,1174,-1,1171,1174,1170,-1,1170,1174,1175,-1,1172,1176,1173,-1,1173,1176,1177,-1,1173,1177,1178,-1,1178,1177,1179,-1,1178,1179,1180,-1,1180,1181,1178,-1,1178,1181,1169,-1,1178,1169,1182,-1,1182,1169,1168,-1,1182,1168,1183,-1,1160,1165,1173,-1,1173,1165,1174,-1,1154,1160,1178,-1,1178,1160,1173,-1,1155,1154,1182,-1,1182,1154,1178,-1,1156,1155,1183,-1,1183,1155,1182,-1,1157,1156,1168,-1,1168,1156,1183,-1,1167,1157,1170,-1,1170,1157,1168,-1,1166,1167,1175,-1,1175,1167,1170,-1,1165,1166,1174,-1,1174,1166,1175,-1,1152,1164,1169,-1,1169,1164,1171,-1,1164,1163,1171,-1,1171,1163,1172,-1,1161,1177,1176,-1,1161,1176,1162,-1,1162,1176,1172,-1,1162,1172,1163,-1,1161,1159,1177,-1,1177,1159,1179,-1,1153,1181,1180,-1,1153,1180,1158,-1,1158,1180,1179,-1,1158,1179,1159,-1,1153,1152,1181,-1,1181,1152,1169,-1,1184,1185,1186,-1,1187,1188,1189,-1,1190,1191,1192,-1,1193,1194,1195,-1,1195,1194,1196,-1,1195,1196,1197,-1,1198,1199,1200,-1,1201,1202,1186,-1,1186,1202,1203,-1,1186,1203,1184,-1,1204,1205,1206,-1,1206,1205,1207,-1,1206,1207,1208,-1,1208,1207,1209,-1,1208,1209,1210,-1,1210,1209,1211,-1,1210,1211,1212,-1,1213,1214,1207,-1,1207,1214,1215,-1,1207,1215,1209,-1,1209,1215,1216,-1,1209,1216,1217,-1,1218,1219,1220,-1,1220,1219,1186,-1,1220,1186,1221,-1,1222,1223,1224,-1,1225,1185,1226,-1,1226,1185,1227,-1,1226,1227,1228,-1,1200,1199,1229,-1,1229,1199,1230,-1,1229,1230,1231,-1,1231,1230,1232,-1,1231,1232,1233,-1,1192,1191,1234,-1,1234,1191,1235,-1,1234,1235,1236,-1,1237,1238,1186,-1,1186,1238,1239,-1,1186,1239,1201,-1,1222,1224,1240,-1,1240,1224,1241,-1,1240,1241,1242,-1,1242,1241,1243,-1,1242,1243,1244,-1,1212,1245,1210,-1,1210,1245,1246,-1,1210,1246,1247,-1,1248,1249,1250,-1,1250,1249,1251,-1,1250,1251,1252,-1,1252,1251,1253,-1,1252,1253,1254,-1,1248,1250,1255,-1,1255,1250,1256,-1,1255,1256,1257,-1,1257,1256,1258,-1,1257,1258,1259,-1,1259,1258,1260,-1,1259,1260,1261,-1,1253,1262,1254,-1,1254,1262,1263,-1,1254,1263,1264,-1,1264,1263,1265,-1,1264,1265,1218,-1,1218,1265,1266,-1,1218,1266,1219,-1,1267,1268,1269,-1,1269,1268,1270,-1,1269,1270,1271,-1,1271,1270,1272,-1,1271,1272,1273,-1,1273,1272,1274,-1,1273,1274,1275,-1,1276,1277,1278,-1,1278,1277,1279,-1,1278,1279,1237,-1,1237,1279,1280,-1,1237,1280,1238,-1,1223,1222,1281,-1,1281,1222,1282,-1,1281,1282,1283,-1,1283,1282,1284,-1,1283,1284,1285,-1,1285,1284,1286,-1,1285,1286,1189,-1,1189,1286,1287,-1,1189,1287,1187,-1,1225,1288,1185,-1,1185,1288,1289,-1,1185,1289,1186,-1,1186,1289,1290,-1,1186,1290,1221,-1,1200,1291,1198,-1,1198,1291,1292,-1,1198,1292,1293,-1,1293,1292,1294,-1,1293,1294,1295,-1,1295,1294,1296,-1,1295,1296,1297,-1,1297,1296,1298,-1,1297,1298,1299,-1,1192,1300,1190,-1,1190,1300,1301,-1,1190,1301,1302,-1,1302,1301,1303,-1,1302,1303,1304,-1,1304,1303,1305,-1,1304,1305,1306,-1,1306,1305,1189,-1,1306,1189,1307,-1,1307,1189,1188,-1,1195,1308,1193,-1,1193,1308,1309,-1,1193,1309,1310,-1,1310,1309,1311,-1,1310,1311,1312,-1,1313,1314,1315,-1,1315,1314,1316,-1,1315,1316,1317,-1,1317,1316,1318,-1,1317,1318,1276,-1,1276,1318,1319,-1,1276,1319,1277,-1,1261,1260,1207,-1,1207,1260,1320,-1,1207,1320,1213,-1,1227,1321,1228,-1,1228,1321,1322,-1,1228,1322,1323,-1,1323,1322,1324,-1,1323,1324,1325,-1,1326,1327,1328,-1,1328,1327,1329,-1,1328,1329,1330,-1,1330,1329,1331,-1,1330,1331,1267,-1,1267,1331,1332,-1,1267,1332,1268,-1,1298,1333,1299,-1,1299,1333,1334,-1,1299,1334,1335,-1,1335,1334,1336,-1,1335,1336,1326,-1,1326,1336,1337,-1,1326,1337,1327,-1,1217,1338,1209,-1,1209,1338,1339,-1,1209,1339,1340,-1,1340,1339,1325,-1,1340,1325,1341,-1,1341,1325,1324,-1,1342,1343,1344,-1,1345,1346,1347,-1,1347,1346,1348,-1,1349,1350,1351,-1,1351,1350,1352,-1,1351,1352,1353,-1,1353,1352,1354,-1,1353,1354,1355,-1,1355,1354,1356,-1,1355,1356,1357,-1,1357,1356,1358,-1,1357,1358,1313,-1,1313,1358,1359,-1,1313,1359,1314,-1,1197,1360,1195,-1,1195,1360,1361,-1,1195,1361,1362,-1,1362,1361,1363,-1,1362,1363,1364,-1,1364,1363,1275,-1,1364,1275,1365,-1,1365,1275,1274,-1,1366,1367,1342,-1,1342,1367,1368,-1,1342,1368,1343,-1,1232,1369,1233,-1,1233,1369,1342,-1,1233,1342,1370,-1,1370,1342,1344,-1,1236,1235,1371,-1,1371,1235,1372,-1,1371,1372,1345,-1,1345,1372,1373,-1,1345,1373,1346,-1,1374,1375,1376,-1,1375,1377,1376,-1,1376,1377,1378,-1,1376,1378,1379,-1,1243,1380,1244,-1,1244,1380,1381,-1,1244,1381,1382,-1,1382,1381,1383,-1,1382,1383,1349,-1,1349,1383,1384,-1,1349,1384,1350,-1,1366,1342,1376,-1,1376,1342,1385,-1,1376,1385,1374,-1,1311,1386,1312,-1,1312,1386,1387,-1,1312,1387,1388,-1,1388,1387,1389,-1,1388,1389,1390,-1,1390,1389,1391,-1,1390,1391,1392,-1,1392,1391,1393,-1,1392,1393,1394,-1,1394,1393,1395,-1,1394,1395,1348,-1,1348,1395,1396,-1,1348,1396,1347,-1,1397,1398,1399,-1,1399,1398,1400,-1,1399,1400,1401,-1,1402,1403,1404,-1,1402,1404,1405,-1,1400,1406,1401,-1,1401,1406,1407,-1,1401,1407,1408,-1,1408,1407,1409,-1,1410,1411,1412,-1,1413,1414,1415,-1,1415,1414,1416,-1,1417,1418,1419,-1,1419,1418,1420,-1,1419,1420,1421,-1,1421,1420,1422,-1,1421,1422,1423,-1,1424,1425,1426,-1,1427,1428,1429,-1,1430,1431,1401,-1,1401,1431,1432,-1,1401,1432,1399,-1,1399,1432,1433,-1,1412,1434,1410,-1,1410,1434,1404,-1,1410,1404,1435,-1,1435,1404,1403,-1,1416,1436,1415,-1,1415,1436,1437,-1,1415,1437,1438,-1,1438,1437,1423,-1,1438,1423,1439,-1,1439,1423,1422,-1,1440,1441,1442,-1,1442,1441,1443,-1,1442,1443,1444,-1,1444,1443,1445,-1,1444,1445,1446,-1,1426,1425,1447,-1,1447,1425,1448,-1,1447,1448,1449,-1,1450,1451,1445,-1,1429,1428,1452,-1,1452,1428,1453,-1,1452,1453,1401,-1,1401,1453,1454,-1,1401,1454,1430,-1,1411,1410,1455,-1,1455,1410,1456,-1,1455,1456,1457,-1,1429,1458,1427,-1,1427,1458,1459,-1,1427,1459,1460,-1,1460,1459,1461,-1,1460,1461,1462,-1,1462,1461,1463,-1,1462,1463,1464,-1,1464,1463,1455,-1,1464,1455,1465,-1,1465,1455,1457,-1,1466,1467,1407,-1,1407,1467,1468,-1,1407,1468,1409,-1,1449,1448,1469,-1,1469,1448,1470,-1,1469,1470,1415,-1,1415,1470,1471,-1,1415,1471,1413,-1,1472,1473,1474,-1,1474,1473,1475,-1,1474,1475,1476,-1,1476,1475,1477,-1,1476,1477,1478,-1,1478,1477,1479,-1,1478,1479,1480,-1,1481,1482,1483,-1,1483,1482,1484,-1,1483,1484,1485,-1,1485,1484,1486,-1,1485,1486,1487,-1,1451,1488,1445,-1,1445,1488,1489,-1,1445,1489,1446,-1,1490,1491,1492,-1,1492,1491,1493,-1,1492,1493,1494,-1,1495,1496,1497,-1,1497,1496,1498,-1,1497,1498,1499,-1,1499,1498,1500,-1,1499,1500,1501,-1,1501,1500,1502,-1,1501,1502,1503,-1,1503,1502,1504,-1,1503,1504,1490,-1,1490,1504,1505,-1,1490,1505,1491,-1,1506,1507,1495,-1,1433,1508,1399,-1,1399,1508,1509,-1,1399,1509,1510,-1,1510,1509,1511,-1,1510,1511,1512,-1,1512,1511,1513,-1,1512,1513,1514,-1,1514,1513,1515,-1,1515,1513,1516,-1,1515,1516,1517,-1,1517,1516,1518,-1,1517,1518,1519,-1,1519,1518,1520,-1,1520,1518,1521,-1,1520,1521,1522,-1,1522,1521,1523,-1,1523,1521,1524,-1,1523,1524,1525,-1,1525,1524,1526,-1,1525,1526,1527,-1,1527,1526,1528,-1,1528,1526,1529,-1,1528,1529,1530,-1,1530,1529,1531,-1,1530,1531,1410,-1,1410,1531,1532,-1,1410,1532,1456,-1,1493,1533,1494,-1,1494,1533,1534,-1,1494,1534,1535,-1,1535,1534,1536,-1,1535,1536,1537,-1,1537,1536,1538,-1,1537,1538,1417,-1,1417,1538,1539,-1,1417,1539,1418,-1,1507,1540,1495,-1,1495,1540,1541,-1,1495,1541,1496,-1,1542,1543,1544,-1,1544,1543,1545,-1,1486,1546,1487,-1,1487,1546,1547,-1,1487,1547,1548,-1,1548,1547,1549,-1,1548,1549,1472,-1,1472,1549,1550,-1,1472,1550,1473,-1,1445,1551,1450,-1,1450,1551,1552,-1,1450,1552,1553,-1,1553,1552,1554,-1,1553,1554,1555,-1,1555,1554,1556,-1,1555,1556,1557,-1,1557,1556,1558,-1,1557,1558,1481,-1,1481,1558,1559,-1,1481,1559,1482,-1,1479,1560,1480,-1,1480,1560,1561,-1,1480,1561,1562,-1,1562,1561,1563,-1,1562,1563,1564,-1,1564,1563,1565,-1,1564,1565,1566,-1,1566,1565,1567,-1,1566,1567,1568,-1,1568,1567,1569,-1,1568,1569,1570,-1,1570,1569,1571,-1,1570,1571,1544,-1,1544,1571,1572,-1,1544,1572,1542,-1,1545,1573,1544,-1,1544,1573,1574,-1,1544,1574,1575,-1,1405,1404,1495,-1,1495,1404,1576,-1,1495,1576,1577,-1,1578,1579,1575,-1,1575,1579,1580,-1,1575,1580,1581,-1,1577,1582,1495,-1,1495,1582,1583,-1,1495,1583,1506,-1,1584,1585,1586,-1,1586,1585,1587,-1,1586,1587,1440,-1,1440,1587,1588,-1,1440,1588,1441,-1,1426,1589,1424,-1,1424,1589,1590,-1,1424,1590,1591,-1,1591,1590,1592,-1,1591,1592,1593,-1,1593,1592,1594,-1,1593,1594,1595,-1,1595,1594,1596,-1,1595,1596,1597,-1,1597,1596,1598,-1,1597,1598,1599,-1,1599,1598,1600,-1,1599,1600,1601,-1,1601,1600,1602,-1,1601,1602,1603,-1,1603,1602,1604,-1,1603,1604,1605,-1,1605,1604,1606,-1,1605,1606,1584,-1,1584,1606,1607,-1,1584,1607,1585,-1,1581,1608,1575,-1,1575,1608,1609,-1,1575,1609,1544,-1,1329,1546,1486,-1,1329,1486,1331,-1,1331,1486,1484,-1,1331,1484,1332,-1,1332,1484,1482,-1,1332,1482,1268,-1,1268,1482,1559,-1,1268,1559,1270,-1,1270,1559,1558,-1,1270,1558,1272,-1,1272,1558,1556,-1,1272,1556,1274,-1,1274,1556,1554,-1,1274,1554,1365,-1,1365,1554,1552,-1,1365,1552,1364,-1,1364,1552,1551,-1,1364,1551,1362,-1,1362,1551,1445,-1,1362,1445,1195,-1,1195,1445,1443,-1,1195,1443,1308,-1,1308,1443,1441,-1,1308,1441,1309,-1,1309,1441,1588,-1,1309,1588,1311,-1,1311,1588,1587,-1,1311,1587,1386,-1,1386,1587,1585,-1,1386,1585,1387,-1,1387,1585,1607,-1,1387,1607,1389,-1,1389,1607,1606,-1,1389,1606,1391,-1,1391,1606,1604,-1,1391,1604,1393,-1,1393,1604,1602,-1,1393,1602,1395,-1,1395,1602,1600,-1,1395,1600,1396,-1,1396,1600,1598,-1,1396,1598,1347,-1,1347,1598,1596,-1,1347,1596,1345,-1,1345,1596,1594,-1,1345,1594,1371,-1,1371,1594,1592,-1,1371,1592,1236,-1,1236,1592,1590,-1,1236,1590,1234,-1,1234,1590,1589,-1,1234,1589,1192,-1,1192,1589,1426,-1,1192,1426,1300,-1,1300,1426,1447,-1,1300,1447,1301,-1,1301,1447,1449,-1,1301,1449,1303,-1,1303,1449,1469,-1,1303,1469,1305,-1,1305,1469,1415,-1,1305,1415,1189,-1,1189,1415,1438,-1,1189,1438,1285,-1,1285,1438,1439,-1,1285,1439,1283,-1,1283,1439,1422,-1,1283,1422,1281,-1,1281,1422,1420,-1,1281,1420,1223,-1,1223,1420,1418,-1,1223,1418,1224,-1,1224,1418,1539,-1,1224,1539,1241,-1,1241,1539,1538,-1,1241,1538,1243,-1,1243,1538,1536,-1,1243,1536,1380,-1,1380,1536,1534,-1,1380,1534,1381,-1,1381,1534,1533,-1,1381,1533,1383,-1,1383,1533,1493,-1,1383,1493,1384,-1,1384,1493,1491,-1,1384,1491,1350,-1,1350,1491,1505,-1,1350,1505,1352,-1,1352,1505,1504,-1,1352,1504,1354,-1,1354,1504,1502,-1,1354,1502,1356,-1,1356,1502,1500,-1,1356,1500,1358,-1,1358,1500,1498,-1,1358,1498,1359,-1,1359,1498,1496,-1,1359,1496,1314,-1,1314,1496,1541,-1,1314,1541,1316,-1,1316,1541,1540,-1,1316,1540,1318,-1,1318,1540,1507,-1,1318,1507,1319,-1,1319,1507,1506,-1,1319,1506,1277,-1,1277,1506,1583,-1,1277,1583,1279,-1,1279,1583,1582,-1,1279,1582,1280,-1,1280,1582,1577,-1,1280,1577,1238,-1,1238,1577,1576,-1,1238,1576,1239,-1,1239,1576,1404,-1,1239,1404,1201,-1,1201,1404,1434,-1,1201,1434,1202,-1,1202,1434,1412,-1,1202,1412,1203,-1,1203,1412,1411,-1,1203,1411,1184,-1,1184,1411,1455,-1,1184,1455,1185,-1,1185,1455,1463,-1,1185,1463,1227,-1,1227,1463,1461,-1,1227,1461,1321,-1,1321,1461,1459,-1,1321,1459,1322,-1,1322,1459,1458,-1,1322,1458,1324,-1,1324,1458,1429,-1,1324,1429,1341,-1,1341,1429,1452,-1,1341,1452,1340,-1,1340,1452,1401,-1,1340,1401,1209,-1,1209,1401,1408,-1,1209,1408,1211,-1,1211,1408,1409,-1,1211,1409,1212,-1,1212,1409,1468,-1,1212,1468,1245,-1,1245,1468,1467,-1,1245,1467,1246,-1,1246,1467,1466,-1,1246,1466,1247,-1,1247,1466,1407,-1,1247,1407,1210,-1,1210,1407,1406,-1,1210,1406,1208,-1,1206,1208,1400,-1,1400,1208,1406,-1,1204,1206,1398,-1,1398,1206,1400,-1,1205,1204,1397,-1,1397,1204,1398,-1,1207,1205,1399,-1,1399,1205,1397,-1,1207,1399,1510,-1,1207,1510,1261,-1,1261,1510,1512,-1,1261,1512,1259,-1,1259,1512,1514,-1,1259,1514,1257,-1,1257,1514,1515,-1,1257,1515,1255,-1,1255,1515,1517,-1,1255,1517,1248,-1,1248,1517,1519,-1,1248,1519,1249,-1,1249,1519,1520,-1,1249,1520,1251,-1,1251,1520,1522,-1,1251,1522,1253,-1,1253,1522,1523,-1,1253,1523,1262,-1,1262,1523,1525,-1,1262,1525,1263,-1,1263,1525,1527,-1,1263,1527,1265,-1,1265,1527,1528,-1,1265,1528,1266,-1,1266,1528,1530,-1,1266,1530,1219,-1,1219,1530,1410,-1,1219,1410,1186,-1,1186,1410,1435,-1,1186,1435,1237,-1,1237,1435,1403,-1,1237,1403,1278,-1,1278,1403,1402,-1,1278,1402,1276,-1,1276,1402,1405,-1,1276,1405,1317,-1,1317,1405,1495,-1,1317,1495,1315,-1,1315,1495,1497,-1,1315,1497,1313,-1,1313,1497,1499,-1,1313,1499,1357,-1,1357,1499,1501,-1,1357,1501,1355,-1,1355,1501,1503,-1,1355,1503,1353,-1,1353,1503,1490,-1,1353,1490,1351,-1,1351,1490,1492,-1,1351,1492,1349,-1,1349,1492,1494,-1,1349,1494,1382,-1,1382,1494,1535,-1,1382,1535,1244,-1,1244,1535,1537,-1,1244,1537,1242,-1,1242,1537,1417,-1,1242,1417,1240,-1,1240,1417,1419,-1,1240,1419,1222,-1,1222,1419,1421,-1,1222,1421,1282,-1,1282,1421,1423,-1,1282,1423,1284,-1,1284,1423,1437,-1,1284,1437,1286,-1,1286,1437,1436,-1,1286,1436,1287,-1,1287,1436,1416,-1,1287,1416,1187,-1,1187,1416,1414,-1,1187,1414,1188,-1,1188,1414,1413,-1,1188,1413,1307,-1,1307,1413,1471,-1,1307,1471,1306,-1,1306,1471,1470,-1,1306,1470,1304,-1,1304,1470,1448,-1,1304,1448,1302,-1,1302,1448,1425,-1,1302,1425,1190,-1,1190,1425,1424,-1,1190,1424,1191,-1,1191,1424,1591,-1,1191,1591,1235,-1,1235,1591,1593,-1,1235,1593,1372,-1,1372,1593,1595,-1,1372,1595,1373,-1,1373,1595,1597,-1,1373,1597,1346,-1,1346,1597,1599,-1,1346,1599,1348,-1,1348,1599,1601,-1,1348,1601,1394,-1,1394,1601,1603,-1,1394,1603,1392,-1,1392,1603,1605,-1,1392,1605,1390,-1,1390,1605,1584,-1,1390,1584,1388,-1,1388,1584,1586,-1,1388,1586,1312,-1,1312,1586,1440,-1,1312,1440,1310,-1,1310,1440,1442,-1,1310,1442,1193,-1,1193,1442,1444,-1,1193,1444,1194,-1,1194,1444,1446,-1,1194,1446,1196,-1,1196,1446,1489,-1,1196,1489,1197,-1,1360,1197,1488,-1,1488,1197,1489,-1,1360,1488,1451,-1,1360,1451,1361,-1,1361,1451,1450,-1,1361,1450,1363,-1,1363,1450,1553,-1,1363,1553,1275,-1,1275,1553,1555,-1,1275,1555,1273,-1,1273,1555,1557,-1,1273,1557,1271,-1,1271,1557,1481,-1,1271,1481,1269,-1,1269,1481,1483,-1,1269,1483,1267,-1,1267,1483,1485,-1,1267,1485,1330,-1,1330,1485,1487,-1,1330,1487,1328,-1,1328,1487,1548,-1,1328,1548,1326,-1,1326,1548,1472,-1,1326,1472,1335,-1,1335,1472,1474,-1,1335,1474,1299,-1,1299,1474,1476,-1,1299,1476,1297,-1,1297,1476,1478,-1,1297,1478,1295,-1,1295,1478,1480,-1,1295,1480,1293,-1,1293,1480,1562,-1,1293,1562,1198,-1,1198,1562,1564,-1,1198,1564,1199,-1,1199,1564,1566,-1,1199,1566,1230,-1,1232,1230,1568,-1,1568,1230,1566,-1,1232,1568,1570,-1,1232,1570,1369,-1,1369,1570,1544,-1,1369,1544,1342,-1,1342,1544,1609,-1,1342,1609,1385,-1,1385,1609,1608,-1,1385,1608,1374,-1,1374,1608,1581,-1,1374,1581,1375,-1,1375,1581,1580,-1,1375,1580,1377,-1,1377,1580,1579,-1,1377,1579,1378,-1,1378,1579,1578,-1,1378,1578,1379,-1,1379,1578,1575,-1,1379,1575,1376,-1,1376,1575,1574,-1,1376,1574,1366,-1,1366,1574,1573,-1,1366,1573,1367,-1,1367,1573,1545,-1,1367,1545,1368,-1,1368,1545,1543,-1,1368,1543,1343,-1,1343,1543,1542,-1,1343,1542,1344,-1,1344,1542,1572,-1,1344,1572,1370,-1,1370,1572,1571,-1,1370,1571,1233,-1,1233,1571,1569,-1,1233,1569,1231,-1,1229,1231,1567,-1,1567,1231,1569,-1,1229,1567,1565,-1,1229,1565,1200,-1,1200,1565,1563,-1,1200,1563,1291,-1,1291,1563,1561,-1,1291,1561,1292,-1,1292,1561,1560,-1,1292,1560,1294,-1,1294,1560,1479,-1,1294,1479,1296,-1,1296,1479,1477,-1,1296,1477,1298,-1,1298,1477,1475,-1,1298,1475,1333,-1,1333,1475,1473,-1,1333,1473,1334,-1,1334,1473,1550,-1,1334,1550,1336,-1,1336,1550,1549,-1,1336,1549,1337,-1,1337,1549,1547,-1,1337,1547,1327,-1,1327,1547,1546,-1,1327,1546,1329,-1,1250,1518,1516,-1,1250,1516,1256,-1,1256,1516,1513,-1,1256,1513,1258,-1,1258,1513,1511,-1,1258,1511,1260,-1,1260,1511,1509,-1,1260,1509,1320,-1,1320,1509,1508,-1,1320,1508,1213,-1,1213,1508,1433,-1,1213,1433,1214,-1,1214,1433,1432,-1,1214,1432,1215,-1,1215,1432,1431,-1,1215,1431,1216,-1,1216,1431,1430,-1,1216,1430,1217,-1,1217,1430,1454,-1,1217,1454,1338,-1,1338,1454,1453,-1,1338,1453,1339,-1,1339,1453,1428,-1,1339,1428,1325,-1,1325,1428,1427,-1,1325,1427,1323,-1,1323,1427,1460,-1,1323,1460,1228,-1,1228,1460,1462,-1,1228,1462,1226,-1,1226,1462,1464,-1,1226,1464,1225,-1,1225,1464,1465,-1,1225,1465,1288,-1,1288,1465,1457,-1,1288,1457,1289,-1,1289,1457,1456,-1,1289,1456,1290,-1,1290,1456,1532,-1,1290,1532,1221,-1,1221,1532,1531,-1,1221,1531,1220,-1,1220,1531,1529,-1,1220,1529,1218,-1,1218,1529,1526,-1,1218,1526,1264,-1,1264,1526,1524,-1,1264,1524,1254,-1,1254,1524,1521,-1,1254,1521,1252,-1,1252,1521,1518,-1,1252,1518,1250,-1,
        ]
    }
}